[
  {
    "id": 20,
    "first_name": "Latisha",
    "last_name": "Nesterov",
    "email": "lnesterovj@people.com.cn",
    "gender": "Female",
    "ip_address": "233.65.87.208",
    "organization": "Feedspan",
    "ip_class": "Class D"
  },
  {
    "id": 88,
    "first_name": "Dulcine",
    "last_name": "Gitthouse",
    "email": "dgitthouse2f@comcast.net",
    "gender": "Female",
    "ip_address": "224.83.26.241",
    "organization": "Meevee",
    "ip_class": "Class D"
  },
  {
    "id": 93,
    "first_name": "Melisa",
    "last_name": "Glaysher",
    "email": "mglaysher2k@unblog.fr",
    "gender": "Female",
    "ip_address": "239.52.175.239",
    "organization": "Twitterbridge",
    "ip_class": "Class D"
  },
  {
    "id": 108,
    "first_name": "Estevan",
    "last_name": "MacInherney",
    "email": "emacinherney2z@netlog.com",
    "gender": "Male",
    "ip_address": "227.217.229.245",
    "organization": "Edgeblab",
    "ip_class": "Class D"
  },
  {
    "id": 121,
    "first_name": "Em",
    "last_name": "Treacher",
    "email": "etreacher3c@e-recht24.de",
    "gender": "Male",
    "ip_address": "234.170.245.149",
    "organization": "Photospace",
    "ip_class": "Class D"
  },
  {
    "id": 136,
    "first_name": "Albrecht",
    "last_name": "Son",
    "email": "ason3r@gmpg.org",
    "gender": "Male",
    "ip_address": "227.159.14.156",
    "organization": "Janyx",
    "ip_class": "Class D"
  },
  {
    "id": 137,
    "first_name": "Nonnah",
    "last_name": "Ditter",
    "email": "nditter3s@mozilla.org",
    "gender": "Female",
    "ip_address": "236.237.124.212",
    "organization": "Wikizz",
    "ip_class": "Class D"
  },
  {
    "id": 140,
    "first_name": "Faina",
    "last_name": "Mount",
    "email": "fmount3v@mapquest.com",
    "gender": "Female",
    "ip_address": "226.87.133.222",
    "organization": "Yombu",
    "ip_class": "Class D"
  },
  {
    "id": 174,
    "first_name": "Jedidiah",
    "last_name": "Geraldi",
    "email": "jgeraldi4t@livejournal.com",
    "gender": "Male",
    "ip_address": "231.3.211.193",
    "organization": "Fivespan",
    "ip_class": "Class D"
  },
  {
    "id": 184,
    "first_name": "Benni",
    "last_name": "Kalb",
    "email": "bkalb53@sogou.com",
    "gender": "Female",
    "ip_address": "235.134.37.87",
    "organization": "Gabtype",
    "ip_class": "Class D"
  },
  {
    "id": 192,
    "first_name": "Reinald",
    "last_name": "Flattman",
    "email": "rflattman5b@google.de",
    "gender": "Male",
    "ip_address": "225.126.160.198",
    "organization": "Meedoo",
    "ip_class": "Class D"
  },
  {
    "id": 196,
    "first_name": "Yvette",
    "last_name": "Normanvill",
    "email": "ynormanvill5f@ameblo.jp",
    "gender": "Female",
    "ip_address": "237.3.124.76",
    "organization": "Browsetype",
    "ip_class": "Class D"
  },
  {
    "id": 200,
    "first_name": "Dulciana",
    "last_name": "Colquete",
    "email": "dcolquete5j@theglobeandmail.com",
    "gender": "Female",
    "ip_address": "236.18.17.81",
    "organization": "Trunyx",
    "ip_class": "Class D"
  },
  {
    "id": 212,
    "first_name": "Pierette",
    "last_name": "Juanico",
    "email": "pjuanico5v@fotki.com",
    "gender": "Female",
    "ip_address": "235.120.18.46",
    "organization": "Skimia",
    "ip_class": "Class D"
  },
  {
    "id": 215,
    "first_name": "Lurleen",
    "last_name": "Mableson",
    "email": "lmableson5y@wp.com",
    "gender": "Female",
    "ip_address": "224.87.127.4",
    "organization": "Zava",
    "ip_class": "Class D"
  },
  {
    "id": 242,
    "first_name": "Terry",
    "last_name": "Yurkin",
    "email": "tyurkin6p@prweb.com",
    "gender": "Female",
    "ip_address": "232.108.132.97",
    "organization": "Zoomcast",
    "ip_class": "Class D"
  },
  {
    "id": 249,
    "first_name": "Binnie",
    "last_name": "Gauntley",
    "email": "bgauntley6w@state.gov",
    "gender": "Female",
    "ip_address": "234.249.161.75",
    "organization": "Voonyx",
    "ip_class": "Class D"
  },
  {
    "id": 259,
    "first_name": "Merry",
    "last_name": "Yakebowitch",
    "email": "myakebowitch76@artisteer.com",
    "gender": "Non-binary",
    "ip_address": "237.154.251.182",
    "organization": "Oyoba",
    "ip_class": "Class D"
  },
  {
    "id": 265,
    "first_name": "Kelcy",
    "last_name": "Pilch",
    "email": "kpilch7c@jalbum.net",
    "gender": "Female",
    "ip_address": "233.3.236.126",
    "organization": "Photobug",
    "ip_class": "Class D"
  },
  {
    "id": 275,
    "first_name": "Lockwood",
    "last_name": "Jillings",
    "email": "ljillings7m@statcounter.com",
    "gender": "Male",
    "ip_address": "229.98.88.239",
    "organization": "Zava",
    "ip_class": "Class D"
  },
  {
    "id": 290,
    "first_name": "Tarrance",
    "last_name": "Stieger",
    "email": "tstieger81@about.com",
    "gender": "Male",
    "ip_address": "225.215.89.73",
    "organization": "Tazz",
    "ip_class": "Class D"
  },
  {
    "id": 302,
    "first_name": "Dennison",
    "last_name": "Tongs",
    "email": "dtongs8d@blogger.com",
    "gender": "Male",
    "ip_address": "231.26.65.243",
    "organization": "Twitterworks",
    "ip_class": "Class D"
  },
  {
    "id": 305,
    "first_name": "Jolie",
    "last_name": "Ekless",
    "email": "jekless8g@ebay.com",
    "gender": "Female",
    "ip_address": "226.34.118.128",
    "organization": "Voonte",
    "ip_class": "Class D"
  },
  {
    "id": 311,
    "first_name": "Christie",
    "last_name": "Landreth",
    "email": "clandreth8m@un.org",
    "gender": "Female",
    "ip_address": "226.16.63.133",
    "organization": "Eamia",
    "ip_class": "Class D"
  },
  {
    "id": 320,
    "first_name": "Oswell",
    "last_name": "Cruces",
    "email": "ocruces8v@merriam-webster.com",
    "gender": "Male",
    "ip_address": "234.56.247.177",
    "organization": "Browsedrive",
    "ip_class": "Class D"
  },
  {
    "id": 327,
    "first_name": "Carlotta",
    "last_name": "Almond",
    "email": "calmond92@google.it",
    "gender": "Female",
    "ip_address": "227.242.96.73",
    "organization": "Muxo",
    "ip_class": "Class D"
  },
  {
    "id": 357,
    "first_name": "Ewart",
    "last_name": "Kalvin",
    "email": "ekalvin9w@shinystat.com",
    "gender": "Male",
    "ip_address": "228.234.180.18",
    "organization": "Shufflebeat",
    "ip_class": "Class D"
  },
  {
    "id": 369,
    "first_name": "Binky",
    "last_name": "Brewerton",
    "email": "bbrewertona8@weather.com",
    "gender": "Male",
    "ip_address": "235.116.47.140",
    "organization": "Oba",
    "ip_class": "Class D"
  },
  {
    "id": 383,
    "first_name": "Pam",
    "last_name": "Heatly",
    "email": "pheatlyam@pbs.org",
    "gender": "Female",
    "ip_address": "237.243.175.122",
    "organization": "Jaxspan",
    "ip_class": "Class D"
  },
  {
    "id": 384,
    "first_name": "Suzanne",
    "last_name": "Wetton",
    "email": "swettonan@joomla.org",
    "gender": "Female",
    "ip_address": "230.146.123.119",
    "organization": "Oozz",
    "ip_class": "Class D"
  },
  {
    "id": 394,
    "first_name": "Rikki",
    "last_name": "Lys",
    "email": "rlysax@psu.edu",
    "gender": "Female",
    "ip_address": "228.144.231.252",
    "organization": "Twinte",
    "ip_class": "Class D"
  },
  {
    "id": 415,
    "first_name": "Staffard",
    "last_name": "Bridgeman",
    "email": "sbridgemanbi@addtoany.com",
    "gender": "Male",
    "ip_address": "229.152.230.185",
    "organization": "Kare",
    "ip_class": "Class D"
  },
  {
    "id": 432,
    "first_name": "Lizzy",
    "last_name": "Shillitoe",
    "email": "lshillitoebz@omniture.com",
    "gender": "Genderqueer",
    "ip_address": "228.255.40.215",
    "organization": "Trilith",
    "ip_class": "Class D"
  },
  {
    "id": 457,
    "first_name": "Peadar",
    "last_name": "Merriment",
    "email": "pmerrimentco@netvibes.com",
    "gender": "Male",
    "ip_address": "225.64.123.113",
    "organization": "Twiyo",
    "ip_class": "Class D"
  },
  {
    "id": 462,
    "first_name": "Stormi",
    "last_name": "Oddboy",
    "email": "soddboyct@nydailynews.com",
    "gender": "Female",
    "ip_address": "224.171.233.98",
    "organization": "Realmix",
    "ip_class": "Class D"
  },
  {
    "id": 478,
    "first_name": "Lorry",
    "last_name": "Zanardii",
    "email": "lzanardiid9@patch.com",
    "gender": "Male",
    "ip_address": "229.101.191.193",
    "organization": "Buzzster",
    "ip_class": "Class D"
  },
  {
    "id": 487,
    "first_name": "Shane",
    "last_name": "Bosman",
    "email": "sbosmandi@livejournal.com",
    "gender": "Male",
    "ip_address": "235.227.176.55",
    "organization": "Linkbridge",
    "ip_class": "Class D"
  },
  {
    "id": 500,
    "first_name": "Lidia",
    "last_name": "Barby",
    "email": "lbarbydv@tumblr.com",
    "gender": "Female",
    "ip_address": "237.47.65.248",
    "organization": "Skyble",
    "ip_class": "Class D"
  },
  {
    "id": 502,
    "first_name": "Ulla",
    "last_name": "Eggar",
    "email": "ueggardx@umn.edu",
    "gender": "Female",
    "ip_address": "233.212.232.29",
    "organization": "Twinder",
    "ip_class": "Class D"
  },
  {
    "id": 505,
    "first_name": "Oralee",
    "last_name": "Banks",
    "email": "obankse0@g.co",
    "gender": "Female",
    "ip_address": "227.139.53.157",
    "organization": "Realblab",
    "ip_class": "Class D"
  },
  {
    "id": 518,
    "first_name": "Harper",
    "last_name": "Danser",
    "email": "hdansered@sina.com.cn",
    "gender": "Male",
    "ip_address": "239.169.201.181",
    "organization": "Bubblemix",
    "ip_class": "Class D"
  },
  {
    "id": 535,
    "first_name": "Tracee",
    "last_name": "Goodbody",
    "email": "tgoodbodyeu@cdc.gov",
    "gender": "Female",
    "ip_address": "233.208.43.19",
    "organization": "Rhycero",
    "ip_class": "Class D"
  },
  {
    "id": 585,
    "first_name": "Zia",
    "last_name": "Lawtey",
    "email": "zlawteyg8@elegantthemes.com",
    "gender": "Female",
    "ip_address": "233.81.249.196",
    "organization": "Yodo",
    "ip_class": "Class D"
  },
  {
    "id": 586,
    "first_name": "Janeva",
    "last_name": "Peet",
    "email": "jpeetg9@pinterest.com",
    "gender": "Female",
    "ip_address": "225.250.109.233",
    "organization": "Lazzy",
    "ip_class": "Class D"
  },
  {
    "id": 588,
    "first_name": "Sid",
    "last_name": "Gounot",
    "email": "sgounotgb@addtoany.com",
    "gender": "Male",
    "ip_address": "233.161.42.36",
    "organization": "Blogtag",
    "ip_class": "Class D"
  },
  {
    "id": 598,
    "first_name": "Cale",
    "last_name": "Boggish",
    "email": "cboggishgl@nsw.gov.au",
    "gender": "Male",
    "ip_address": "232.104.66.102",
    "organization": "Thoughtsphere",
    "ip_class": "Class D"
  },
  {
    "id": 632,
    "first_name": "Hally",
    "last_name": "Woolaghan",
    "email": "hwoolaghanhj@furl.net",
    "gender": "Female",
    "ip_address": "232.53.161.157",
    "organization": "Yodel",
    "ip_class": "Class D"
  },
  {
    "id": 634,
    "first_name": "Shirley",
    "last_name": "Cancelier",
    "email": "scancelierhl@admin.ch",
    "gender": "Female",
    "ip_address": "234.171.21.32",
    "organization": "Linktype",
    "ip_class": "Class D"
  },
  {
    "id": 636,
    "first_name": "Colline",
    "last_name": "Corden",
    "email": "ccordenhn@uiuc.edu",
    "gender": "Polygender",
    "ip_address": "229.235.121.23",
    "organization": "Flashdog",
    "ip_class": "Class D"
  },
  {
    "id": 640,
    "first_name": "Eileen",
    "last_name": "Derry",
    "email": "ederryhr@topsy.com",
    "gender": "Female",
    "ip_address": "224.22.163.61",
    "organization": "Jatri",
    "ip_class": "Class D"
  },
  {
    "id": 657,
    "first_name": "Giustina",
    "last_name": "Grisedale",
    "email": "ggrisedalei8@slideshare.net",
    "gender": "Female",
    "ip_address": "229.150.187.65",
    "organization": "Brainsphere",
    "ip_class": "Class D"
  },
  {
    "id": 675,
    "first_name": "Darcy",
    "last_name": "Dupre",
    "email": "ddupreiq@yandex.ru",
    "gender": "Female",
    "ip_address": "233.117.143.43",
    "organization": "Layo",
    "ip_class": "Class D"
  },
  {
    "id": 682,
    "first_name": "Baily",
    "last_name": "Mingauld",
    "email": "bmingauldix@goo.ne.jp",
    "gender": "Male",
    "ip_address": "228.44.50.214",
    "organization": "Realpoint",
    "ip_class": "Class D"
  },
  {
    "id": 688,
    "first_name": "Prentiss",
    "last_name": "Dowyer",
    "email": "pdowyerj3@ca.gov",
    "gender": "Genderfluid",
    "ip_address": "232.202.185.56",
    "organization": "Skajo",
    "ip_class": "Class D"
  },
  {
    "id": 693,
    "first_name": "Felizio",
    "last_name": "Oland",
    "email": "folandj8@last.fm",
    "gender": "Male",
    "ip_address": "228.73.44.233",
    "organization": "Browsedrive",
    "ip_class": "Class D"
  },
  {
    "id": 695,
    "first_name": "Everett",
    "last_name": "Gripton",
    "email": "egriptonja@miitbeian.gov.cn",
    "gender": "Male",
    "ip_address": "225.127.46.237",
    "organization": "Trilith",
    "ip_class": "Class D"
  },
  {
    "id": 702,
    "first_name": "Gibby",
    "last_name": "Idwal Evans",
    "email": "gidwalevansjh@tumblr.com",
    "gender": "Male",
    "ip_address": "230.234.184.0",
    "organization": "Wordtune",
    "ip_class": "Class D"
  },
  {
    "id": 736,
    "first_name": "Ludvig",
    "last_name": "Gatrell",
    "email": "lgatrellkf@smugmug.com",
    "gender": "Male",
    "ip_address": "230.60.204.95",
    "organization": "Edgepulse",
    "ip_class": "Class D"
  },
  {
    "id": 743,
    "first_name": "Aile",
    "last_name": "Mc Combe",
    "email": "amccombekm@blogtalkradio.com",
    "gender": "Female",
    "ip_address": "234.145.93.94",
    "organization": "Fadeo",
    "ip_class": "Class D"
  },
  {
    "id": 759,
    "first_name": "Mick",
    "last_name": "Davidovitz",
    "email": "mdavidovitzl2@ask.com",
    "gender": "Bigender",
    "ip_address": "239.74.240.27",
    "organization": "Feedbug",
    "ip_class": "Class D"
  },
  {
    "id": 760,
    "first_name": "Ronnie",
    "last_name": "Cranmore",
    "email": "rcranmorel3@odnoklassniki.ru",
    "gender": "Female",
    "ip_address": "228.130.116.46",
    "organization": "Skinte",
    "ip_class": "Class D"
  },
  {
    "id": 770,
    "first_name": "Peirce",
    "last_name": "Martini",
    "email": "pmartinild@gov.uk",
    "gender": "Male",
    "ip_address": "226.95.21.89",
    "organization": "Photospace",
    "ip_class": "Class D"
  },
  {
    "id": 800,
    "first_name": "Laure",
    "last_name": "Tidbold",
    "email": "ltidboldm7@globo.com",
    "gender": "Female",
    "ip_address": "232.235.175.21",
    "organization": "Bluezoom",
    "ip_class": "Class D"
  },
  {
    "id": 829,
    "first_name": "Fran",
    "last_name": "Dumper",
    "email": "fdumpern0@gizmodo.com",
    "gender": "Male",
    "ip_address": "224.187.18.177",
    "organization": "Thoughtworks",
    "ip_class": "Class D"
  },
  {
    "id": 855,
    "first_name": "Abbe",
    "last_name": "St. Queintain",
    "email": "astqueintainnq@cornell.edu",
    "gender": "Male",
    "ip_address": "224.76.27.90",
    "organization": "Realcube",
    "ip_class": "Class D"
  },
  {
    "id": 856,
    "first_name": "Durant",
    "last_name": "Allardyce",
    "email": "dallardycenr@cpanel.net",
    "gender": "Male",
    "ip_address": "239.174.36.69",
    "organization": "Kwinu",
    "ip_class": "Class D"
  },
  {
    "id": 858,
    "first_name": "Arlin",
    "last_name": "Pumphreys",
    "email": "apumphreysnt@booking.com",
    "gender": "Male",
    "ip_address": "227.47.77.77",
    "organization": "Avavee",
    "ip_class": "Class D"
  },
  {
    "id": 880,
    "first_name": "Ellsworth",
    "last_name": "Sheara",
    "email": "eshearaof@naver.com",
    "gender": "Male",
    "ip_address": "230.17.111.128",
    "organization": "Riffpedia",
    "ip_class": "Class D"
  },
  {
    "id": 928,
    "first_name": "Sigismundo",
    "last_name": "Rama",
    "email": "sramapr@shop-pro.jp",
    "gender": "Male",
    "ip_address": "239.60.101.149",
    "organization": "Rhybox",
    "ip_class": "Class D"
  },
  {
    "id": 947,
    "first_name": "Tori",
    "last_name": "Fillan",
    "email": "tfillanqa@facebook.com",
    "gender": "Female",
    "ip_address": "228.197.235.241",
    "organization": "Voonix",
    "ip_class": "Class D"
  },
  {
    "id": 953,
    "first_name": "Leroi",
    "last_name": "Tommis",
    "email": "ltommisqg@technorati.com",
    "gender": "Male",
    "ip_address": "229.219.219.250",
    "organization": "Oyoba",
    "ip_class": "Class D"
  },
  {
    "id": 969,
    "first_name": "Merle",
    "last_name": "Jaksic",
    "email": "mjaksicqw@wsj.com",
    "gender": "Female",
    "ip_address": "227.188.2.204",
    "organization": "Kazio",
    "ip_class": "Class D"
  },
  {
    "id": 972,
    "first_name": "Caprice",
    "last_name": "Oleksiak",
    "email": "coleksiakqz@baidu.com",
    "gender": "Female",
    "ip_address": "230.151.33.190",
    "organization": "Youtags",
    "ip_class": "Class D"
  },
  {
    "id": 975,
    "first_name": "Jessie",
    "last_name": "Bewshea",
    "email": "jbewshear2@cpanel.net",
    "gender": "Male",
    "ip_address": "227.114.117.132",
    "organization": "Kwideo",
    "ip_class": "Class D"
  },
  {
    "id": 990,
    "first_name": "Alysa",
    "last_name": "Fearby",
    "email": "afearbyrh@google.it",
    "gender": "Female",
    "ip_address": "232.253.110.133",
    "organization": "Wordpedia",
    "ip_class": "Class D"
  },
  {
    "id": 998,
    "first_name": "Dell",
    "last_name": "Peeters",
    "email": "dpeetersrp@sohu.com",
    "gender": "Female",
    "ip_address": "239.147.213.110",
    "organization": "Jabbersphere",
    "ip_class": "Class D"
  },
  {
    "id": 1000,
    "first_name": "Dela",
    "last_name": "Darlington",
    "email": "ddarlingtonrr@dell.com",
    "gender": "Female",
    "ip_address": "225.44.145.223",
    "organization": "Oyoloo",
    "ip_class": "Class D"
  },
  {
    "id": 1029,
    "first_name": "Marv",
    "last_name": "Scimoni",
    "email": "mscimonis@ucsd.edu",
    "gender": "Male",
    "ip_address": "227.40.203.148",
    "organization": "Demizz",
    "ip_class": "Class D"
  },
  {
    "id": 1079,
    "first_name": "Brook",
    "last_name": "Jolliffe",
    "email": "bjolliffe26@hp.com",
    "gender": "Male",
    "ip_address": "227.70.153.48",
    "organization": "Tavu",
    "ip_class": "Class D"
  },
  {
    "id": 1104,
    "first_name": "David",
    "last_name": "Chilton",
    "email": "dchilton2v@reuters.com",
    "gender": "Male",
    "ip_address": "228.242.17.57",
    "organization": "Youbridge",
    "ip_class": "Class D"
  },
  {
    "id": 1120,
    "first_name": "Illa",
    "last_name": "Scrowton",
    "email": "iscrowton3b@deliciousdays.com",
    "gender": "Female",
    "ip_address": "234.25.153.105",
    "organization": "Dabshots",
    "ip_class": "Class D"
  },
  {
    "id": 1127,
    "first_name": "Chauncey",
    "last_name": "Geggie",
    "email": "cgeggie3i@dyndns.org",
    "gender": "Male",
    "ip_address": "224.189.242.1",
    "organization": "Bluejam",
    "ip_class": "Class D"
  },
  {
    "id": 1155,
    "first_name": "Anni",
    "last_name": "Yukhnin",
    "email": "ayukhnin4a@domainmarket.com",
    "gender": "Female",
    "ip_address": "228.153.180.31",
    "organization": "Linktype",
    "ip_class": "Class D"
  },
  {
    "id": 1168,
    "first_name": "Stacee",
    "last_name": "Lune",
    "email": "slune4n@oaic.gov.au",
    "gender": "Male",
    "ip_address": "237.206.72.62",
    "organization": "Tavu",
    "ip_class": "Class D"
  },
  {
    "id": 1169,
    "first_name": "Gertrude",
    "last_name": "O' Shea",
    "email": "goshea4o@vk.com",
    "gender": "Female",
    "ip_address": "238.246.244.217",
    "organization": "Gigashots",
    "ip_class": "Class D"
  },
  {
    "id": 1188,
    "first_name": "Barbie",
    "last_name": "Guymer",
    "email": "bguymer57@disqus.com",
    "gender": "Female",
    "ip_address": "230.128.201.117",
    "organization": "Zoombeat",
    "ip_class": "Class D"
  },
  {
    "id": 1190,
    "first_name": "Benjamen",
    "last_name": "Jotham",
    "email": "bjotham59@sciencedaily.com",
    "gender": "Genderqueer",
    "ip_address": "230.188.228.106",
    "organization": "Mynte",
    "ip_class": "Class D"
  },
  {
    "id": 1192,
    "first_name": "Felicle",
    "last_name": "Pickthorne",
    "email": "fpickthorne5b@cloudflare.com",
    "gender": "Female",
    "ip_address": "231.68.39.123",
    "organization": "DabZ",
    "ip_class": "Class D"
  },
  {
    "id": 1199,
    "first_name": "Lissy",
    "last_name": "Weins",
    "email": "lweins5i@newsvine.com",
    "gender": "Female",
    "ip_address": "236.150.115.156",
    "organization": "Muxo",
    "ip_class": "Class D"
  },
  {
    "id": 1226,
    "first_name": "Lola",
    "last_name": "Claque",
    "email": "lclaque69@deviantart.com",
    "gender": "Female",
    "ip_address": "225.216.131.233",
    "organization": "Shuffledrive",
    "ip_class": "Class D"
  },
  {
    "id": 1227,
    "first_name": "Xylina",
    "last_name": "Sweetlove",
    "email": "xsweetlove6a@mediafire.com",
    "gender": "Female",
    "ip_address": "239.12.197.83",
    "organization": "Photospace",
    "ip_class": "Class D"
  },
  {
    "id": 1253,
    "first_name": "Brockie",
    "last_name": "Slany",
    "email": "bslany70@mlb.com",
    "gender": "Male",
    "ip_address": "229.171.212.59",
    "organization": "Skipstorm",
    "ip_class": "Class D"
  },
  {
    "id": 1255,
    "first_name": "Elene",
    "last_name": "Possa",
    "email": "epossa72@4shared.com",
    "gender": "Female",
    "ip_address": "231.238.128.121",
    "organization": "Yabox",
    "ip_class": "Class D"
  },
  {
    "id": 1276,
    "first_name": "Aimee",
    "last_name": "Cattell",
    "email": "acattell7n@dion.ne.jp",
    "gender": "Female",
    "ip_address": "228.91.30.211",
    "organization": "Blogspan",
    "ip_class": "Class D"
  },
  {
    "id": 1280,
    "first_name": "Tomas",
    "last_name": "Boldero",
    "email": "tboldero7r@google.com",
    "gender": "Male",
    "ip_address": "237.53.67.103",
    "organization": "Meezzy",
    "ip_class": "Class D"
  },
  {
    "id": 1287,
    "first_name": "Goldie",
    "last_name": "Alloway",
    "email": "galloway7y@cdbaby.com",
    "gender": "Female",
    "ip_address": "232.110.99.254",
    "organization": "Eamia",
    "ip_class": "Class D"
  },
  {
    "id": 1336,
    "first_name": "Derwin",
    "last_name": "Peaden",
    "email": "dpeaden9b@amazon.co.uk",
    "gender": "Male",
    "ip_address": "231.130.14.75",
    "organization": "Skiba",
    "ip_class": "Class D"
  },
  {
    "id": 1353,
    "first_name": "Joyce",
    "last_name": "Dusey",
    "email": "jdusey9s@unc.edu",
    "gender": "Female",
    "ip_address": "226.238.249.172",
    "organization": "Zoomlounge",
    "ip_class": "Class D"
  },
  {
    "id": 1361,
    "first_name": "Sibilla",
    "last_name": "Romaint",
    "email": "sromainta0@cornell.edu",
    "gender": "Female",
    "ip_address": "232.190.187.50",
    "organization": "Oodoo",
    "ip_class": "Class D"
  },
  {
    "id": 1369,
    "first_name": "Raynell",
    "last_name": "Blakes",
    "email": "rblakesa8@google.pl",
    "gender": "Non-binary",
    "ip_address": "227.246.50.161",
    "organization": "Kwilith",
    "ip_class": "Class D"
  },
  {
    "id": 1388,
    "first_name": "Winslow",
    "last_name": "Stoltz",
    "email": "wstoltzar@icio.us",
    "gender": "Male",
    "ip_address": "228.250.197.250",
    "organization": "Jamia",
    "ip_class": "Class D"
  },
  {
    "id": 1390,
    "first_name": "Malcolm",
    "last_name": "Tumpane",
    "email": "mtumpaneat@yandex.ru",
    "gender": "Male",
    "ip_address": "234.140.15.99",
    "organization": "Skimia",
    "ip_class": "Class D"
  },
  {
    "id": 1427,
    "first_name": "Stevie",
    "last_name": "Duffyn",
    "email": "sduffynbu@bloglovin.com",
    "gender": "Male",
    "ip_address": "232.112.32.174",
    "organization": "Zoomcast",
    "ip_class": "Class D"
  },
  {
    "id": 1437,
    "first_name": "Doro",
    "last_name": "Soreau",
    "email": "dsoreauc4@hubpages.com",
    "gender": "Female",
    "ip_address": "228.252.146.143",
    "organization": "Eimbee",
    "ip_class": "Class D"
  },
  {
    "id": 1446,
    "first_name": "Beverie",
    "last_name": "Cheeke",
    "email": "bcheekecd@guardian.co.uk",
    "gender": "Female",
    "ip_address": "228.180.53.215",
    "organization": "Eabox",
    "ip_class": "Class D"
  },
  {
    "id": 1458,
    "first_name": "Trista",
    "last_name": "Wernher",
    "email": "twernhercp@unesco.org",
    "gender": "Female",
    "ip_address": "224.133.226.102",
    "organization": "Dabtype",
    "ip_class": "Class D"
  },
  {
    "id": 1468,
    "first_name": "Blondelle",
    "last_name": "Bemrose",
    "email": "bbemrosecz@washington.edu",
    "gender": "Female",
    "ip_address": "231.89.62.190",
    "organization": "Quamba",
    "ip_class": "Class D"
  },
  {
    "id": 1472,
    "first_name": "Cody",
    "last_name": "Coom",
    "email": "ccoomd3@archive.org",
    "gender": "Male",
    "ip_address": "227.86.12.155",
    "organization": "Babbleset",
    "ip_class": "Class D"
  },
  {
    "id": 1477,
    "first_name": "Ive",
    "last_name": "Knocker",
    "email": "iknockerd8@360.cn",
    "gender": "Male",
    "ip_address": "233.218.55.247",
    "organization": "Edgeblab",
    "ip_class": "Class D"
  },
  {
    "id": 1485,
    "first_name": "Waneta",
    "last_name": "Garnam",
    "email": "wgarnamdg@dot.gov",
    "gender": "Female",
    "ip_address": "232.244.166.232",
    "organization": "Wikizz",
    "ip_class": "Class D"
  },
  {
    "id": 1518,
    "first_name": "Emery",
    "last_name": "McGraw",
    "email": "emcgrawed@salon.com",
    "gender": "Male",
    "ip_address": "237.62.244.74",
    "organization": "Rooxo",
    "ip_class": "Class D"
  },
  {
    "id": 1552,
    "first_name": "Phoebe",
    "last_name": "Yanyushkin",
    "email": "pyanyushkinfb@tinyurl.com",
    "gender": "Female",
    "ip_address": "238.19.163.9",
    "organization": "Wordtune",
    "ip_class": "Class D"
  },
  {
    "id": 1556,
    "first_name": "Daria",
    "last_name": "Dallman",
    "email": "ddallmanff@ezinearticles.com",
    "gender": "Female",
    "ip_address": "226.144.198.32",
    "organization": "Babblestorm",
    "ip_class": "Class D"
  },
  {
    "id": 1569,
    "first_name": "Sibella",
    "last_name": "Palmer",
    "email": "spalmerfs@omniture.com",
    "gender": "Female",
    "ip_address": "237.245.39.51",
    "organization": "Cogidoo",
    "ip_class": "Class D"
  },
  {
    "id": 1579,
    "first_name": "Murial",
    "last_name": "Curzey",
    "email": "mcurzeyg2@scribd.com",
    "gender": "Female",
    "ip_address": "226.212.156.141",
    "organization": "Thoughtmix",
    "ip_class": "Class D"
  },
  {
    "id": 1607,
    "first_name": "Willis",
    "last_name": "Grishelyov",
    "email": "wgrishelyovgu@storify.com",
    "gender": "Agender",
    "ip_address": "239.216.173.76",
    "organization": "Flashpoint",
    "ip_class": "Class D"
  },
  {
    "id": 1642,
    "first_name": "Giacobo",
    "last_name": "Argrave",
    "email": "gargraveht@friendfeed.com",
    "gender": "Male",
    "ip_address": "235.222.130.255",
    "organization": "Kwilith",
    "ip_class": "Class D"
  },
  {
    "id": 1712,
    "first_name": "Gris",
    "last_name": "Lemmers",
    "email": "glemmersjr@miibeian.gov.cn",
    "gender": "Male",
    "ip_address": "236.211.14.230",
    "organization": "Jaxbean",
    "ip_class": "Class D"
  },
  {
    "id": 1764,
    "first_name": "Shandy",
    "last_name": "Coxall",
    "email": "scoxalll7@java.com",
    "gender": "Female",
    "ip_address": "238.66.54.20",
    "organization": "Katz",
    "ip_class": "Class D"
  },
  {
    "id": 1784,
    "first_name": "Mikey",
    "last_name": "Le Fleming",
    "email": "mlefleminglr@prweb.com",
    "gender": "Male",
    "ip_address": "233.194.67.99",
    "organization": "Wordify",
    "ip_class": "Class D"
  },
  {
    "id": 1800,
    "first_name": "Meggie",
    "last_name": "Melling",
    "email": "mmellingm7@360.cn",
    "gender": "Female",
    "ip_address": "237.169.167.39",
    "organization": "Edgeblab",
    "ip_class": "Class D"
  },
  {
    "id": 1813,
    "first_name": "Ashleigh",
    "last_name": "McKinty",
    "email": "amckintymk@wufoo.com",
    "gender": "Female",
    "ip_address": "227.38.143.7",
    "organization": "Brainlounge",
    "ip_class": "Class D"
  },
  {
    "id": 1817,
    "first_name": "Jehu",
    "last_name": "Moorey",
    "email": "jmooreymo@squidoo.com",
    "gender": "Male",
    "ip_address": "230.35.240.126",
    "organization": "Jayo",
    "ip_class": "Class D"
  },
  {
    "id": 1844,
    "first_name": "Sharity",
    "last_name": "Monteaux",
    "email": "smonteauxnf@examiner.com",
    "gender": "Female",
    "ip_address": "234.157.37.134",
    "organization": "Demizz",
    "ip_class": "Class D"
  },
  {
    "id": 1885,
    "first_name": "Noble",
    "last_name": "Edgett",
    "email": "nedgettok@ameblo.jp",
    "gender": "Male",
    "ip_address": "230.198.116.241",
    "organization": "Lajo",
    "ip_class": "Class D"
  },
  {
    "id": 1891,
    "first_name": "Jenni",
    "last_name": "Kneeland",
    "email": "jkneelandoq@yellowpages.com",
    "gender": "Female",
    "ip_address": "232.19.221.38",
    "organization": "Voonix",
    "ip_class": "Class D"
  },
  {
    "id": 1896,
    "first_name": "Amargo",
    "last_name": "Burridge",
    "email": "aburridgeov@google.com.hk",
    "gender": "Female",
    "ip_address": "230.166.130.217",
    "organization": "Digitube",
    "ip_class": "Class D"
  },
  {
    "id": 1900,
    "first_name": "Prue",
    "last_name": "Brackstone",
    "email": "pbrackstoneoz@indiatimes.com",
    "gender": "Female",
    "ip_address": "237.81.22.239",
    "organization": "Rhycero",
    "ip_class": "Class D"
  },
  {
    "id": 1913,
    "first_name": "Ladonna",
    "last_name": "Banke",
    "email": "lbankepc@marriott.com",
    "gender": "Female",
    "ip_address": "236.124.143.229",
    "organization": "Flipopia",
    "ip_class": "Class D"
  },
  {
    "id": 1922,
    "first_name": "Benedicto",
    "last_name": "Mitford",
    "email": "bmitfordpl@umich.edu",
    "gender": "Male",
    "ip_address": "225.193.214.107",
    "organization": "Browsetype",
    "ip_class": "Class D"
  },
  {
    "id": 1998,
    "first_name": "Lelia",
    "last_name": "Leachman",
    "email": "lleachmanrp@cyberchimps.com",
    "gender": "Female",
    "ip_address": "226.94.74.122",
    "organization": "Meezzy",
    "ip_class": "Class D"
  },
  {
    "id": 2003,
    "first_name": "Conant",
    "last_name": "Cottom",
    "email": "ccottom2@weebly.com",
    "gender": "Male",
    "ip_address": "231.249.100.63",
    "organization": "Jabbercube",
    "ip_class": "Class D"
  },
  {
    "id": 2023,
    "first_name": "Arman",
    "last_name": "Leinweber",
    "email": "aleinweberm@wikipedia.org",
    "gender": "Male",
    "ip_address": "227.102.206.64",
    "organization": "Flipstorm",
    "ip_class": "Class D"
  },
  {
    "id": 2033,
    "first_name": "Adelheid",
    "last_name": "Maskall",
    "email": "amaskallw@imgur.com",
    "gender": "Female",
    "ip_address": "228.162.216.16",
    "organization": "Rhynyx",
    "ip_class": "Class D"
  },
  {
    "id": 2048,
    "first_name": "Tiebout",
    "last_name": "Gamon",
    "email": "tgamon1b@yellowpages.com",
    "gender": "Male",
    "ip_address": "227.86.172.89",
    "organization": "Cogidoo",
    "ip_class": "Class D"
  },
  {
    "id": 2050,
    "first_name": "Isaiah",
    "last_name": "Huckle",
    "email": "ihuckle1d@wordpress.com",
    "gender": "Male",
    "ip_address": "236.72.167.127",
    "organization": "Realcube",
    "ip_class": "Class D"
  },
  {
    "id": 2066,
    "first_name": "Lebbie",
    "last_name": "Loughnan",
    "email": "lloughnan1t@stanford.edu",
    "gender": "Female",
    "ip_address": "236.34.39.159",
    "organization": "Topiczoom",
    "ip_class": "Class D"
  },
  {
    "id": 2090,
    "first_name": "Dunc",
    "last_name": "Snow",
    "email": "dsnow2h@fda.gov",
    "gender": "Male",
    "ip_address": "230.154.183.210",
    "organization": "Oyonder",
    "ip_class": "Class D"
  },
  {
    "id": 2102,
    "first_name": "Annmaria",
    "last_name": "Guerrier",
    "email": "aguerrier2t@unesco.org",
    "gender": "Female",
    "ip_address": "228.188.198.150",
    "organization": "Oyonder",
    "ip_class": "Class D"
  },
  {
    "id": 2108,
    "first_name": "Laurence",
    "last_name": "Craydon",
    "email": "lcraydon2z@yolasite.com",
    "gender": "Non-binary",
    "ip_address": "233.147.122.8",
    "organization": "Linkbridge",
    "ip_class": "Class D"
  },
  {
    "id": 2118,
    "first_name": "Maurine",
    "last_name": "Newsham",
    "email": "mnewsham39@liveinternet.ru",
    "gender": "Genderqueer",
    "ip_address": "236.64.88.39",
    "organization": "Youspan",
    "ip_class": "Class D"
  },
  {
    "id": 2119,
    "first_name": "Wain",
    "last_name": "Flewan",
    "email": "wflewan3a@blogspot.com",
    "gender": "Male",
    "ip_address": "233.112.167.243",
    "organization": "Dabvine",
    "ip_class": "Class D"
  },
  {
    "id": 2137,
    "first_name": "Emlynn",
    "last_name": "Matskevich",
    "email": "ematskevich3s@google.it",
    "gender": "Female",
    "ip_address": "233.78.154.231",
    "organization": "Gigabox",
    "ip_class": "Class D"
  },
  {
    "id": 2141,
    "first_name": "Geri",
    "last_name": "MacCleay",
    "email": "gmaccleay3w@icio.us",
    "gender": "Male",
    "ip_address": "236.55.142.50",
    "organization": "Devify",
    "ip_class": "Class D"
  },
  {
    "id": 2143,
    "first_name": "Lindy",
    "last_name": "Hudspeth",
    "email": "lhudspeth3y@tamu.edu",
    "gender": "Female",
    "ip_address": "237.114.113.209",
    "organization": "Feedfish",
    "ip_class": "Class D"
  },
  {
    "id": 2188,
    "first_name": "Stillmann",
    "last_name": "Ferney",
    "email": "sferney57@tripod.com",
    "gender": "Male",
    "ip_address": "226.76.18.173",
    "organization": "Livepath",
    "ip_class": "Class D"
  },
  {
    "id": 2212,
    "first_name": "Carmine",
    "last_name": "Switzer",
    "email": "cswitzer5v@nih.gov",
    "gender": "Male",
    "ip_address": "231.142.2.224",
    "organization": "Dabshots",
    "ip_class": "Class D"
  },
  {
    "id": 2241,
    "first_name": "Udale",
    "last_name": "Swaffield",
    "email": "uswaffield6o@typepad.com",
    "gender": "Male",
    "ip_address": "231.121.46.151",
    "organization": "Cogidoo",
    "ip_class": "Class D"
  },
  {
    "id": 2267,
    "first_name": "Stan",
    "last_name": "Sancias",
    "email": "ssancias7e@opera.com",
    "gender": "Male",
    "ip_address": "228.210.119.215",
    "organization": "Yombu",
    "ip_class": "Class D"
  },
  {
    "id": 2270,
    "first_name": "Mara",
    "last_name": "McCreery",
    "email": "mmccreery7h@github.com",
    "gender": "Female",
    "ip_address": "236.36.249.183",
    "organization": "Yombu",
    "ip_class": "Class D"
  },
  {
    "id": 2276,
    "first_name": "Cam",
    "last_name": "Priver",
    "email": "cpriver7n@networkadvertising.org",
    "gender": "Female",
    "ip_address": "234.234.87.52",
    "organization": "Linkbuzz",
    "ip_class": "Class D"
  },
  {
    "id": 2279,
    "first_name": "Farand",
    "last_name": "Verrill",
    "email": "fverrill7q@miitbeian.gov.cn",
    "gender": "Female",
    "ip_address": "229.114.130.161",
    "organization": "Babbleopia",
    "ip_class": "Class D"
  },
  {
    "id": 2324,
    "first_name": "Vivi",
    "last_name": "Peterffy",
    "email": "vpeterffy8z@yelp.com",
    "gender": "Female",
    "ip_address": "231.156.23.149",
    "organization": "Yotz",
    "ip_class": "Class D"
  },
  {
    "id": 2329,
    "first_name": "Benedict",
    "last_name": "Emeline",
    "email": "bemeline94@constantcontact.com",
    "gender": "Male",
    "ip_address": "228.61.255.203",
    "organization": "Youspan",
    "ip_class": "Class D"
  },
  {
    "id": 2344,
    "first_name": "Nicolis",
    "last_name": "Mantz",
    "email": "nmantz9j@washingtonpost.com",
    "gender": "Male",
    "ip_address": "224.11.211.231",
    "organization": "Divape",
    "ip_class": "Class D"
  },
  {
    "id": 2354,
    "first_name": "Matilda",
    "last_name": "Chester",
    "email": "mchester9t@phpbb.com",
    "gender": "Female",
    "ip_address": "225.198.201.74",
    "organization": "Flipbug",
    "ip_class": "Class D"
  },
  {
    "id": 2356,
    "first_name": "Laina",
    "last_name": "Rolfini",
    "email": "lrolfini9v@free.fr",
    "gender": "Non-binary",
    "ip_address": "239.27.115.89",
    "organization": "Flipstorm",
    "ip_class": "Class D"
  },
  {
    "id": 2414,
    "first_name": "Julio",
    "last_name": "Chipps",
    "email": "jchippsbh@yellowpages.com",
    "gender": "Male",
    "ip_address": "224.181.39.243",
    "organization": "Gabspot",
    "ip_class": "Class D"
  },
  {
    "id": 2423,
    "first_name": "Luce",
    "last_name": "Verrick",
    "email": "lverrickbq@rediff.com",
    "gender": "Male",
    "ip_address": "235.247.229.58",
    "organization": "Divape",
    "ip_class": "Class D"
  },
  {
    "id": 2435,
    "first_name": "Leisha",
    "last_name": "Puttergill",
    "email": "lputtergillc2@nbcnews.com",
    "gender": "Female",
    "ip_address": "227.95.236.126",
    "organization": "Brightbean",
    "ip_class": "Class D"
  },
  {
    "id": 2451,
    "first_name": "Dex",
    "last_name": "Beardon",
    "email": "dbeardonci@angelfire.com",
    "gender": "Male",
    "ip_address": "225.194.54.47",
    "organization": "Rhynoodle",
    "ip_class": "Class D"
  },
  {
    "id": 2475,
    "first_name": "Leonora",
    "last_name": "Lowater",
    "email": "llowaterd6@webeden.co.uk",
    "gender": "Female",
    "ip_address": "228.80.126.241",
    "organization": "Flipopia",
    "ip_class": "Class D"
  },
  {
    "id": 2494,
    "first_name": "Lyn",
    "last_name": "Messingham",
    "email": "lmessinghamdp@rediff.com",
    "gender": "Female",
    "ip_address": "237.232.79.198",
    "organization": "Ooba",
    "ip_class": "Class D"
  },
  {
    "id": 2509,
    "first_name": "Anatollo",
    "last_name": "Tilberry",
    "email": "atilberrye4@aboutads.info",
    "gender": "Male",
    "ip_address": "225.169.155.38",
    "organization": "Yodoo",
    "ip_class": "Class D"
  },
  {
    "id": 2512,
    "first_name": "Priscella",
    "last_name": "Bellringer",
    "email": "pbellringere7@jimdo.com",
    "gender": "Female",
    "ip_address": "228.93.150.2",
    "organization": "Fadeo",
    "ip_class": "Class D"
  },
  {
    "id": 2514,
    "first_name": "Cinderella",
    "last_name": "Pimlett",
    "email": "cpimlette9@google.com",
    "gender": "Female",
    "ip_address": "226.224.167.41",
    "organization": "Thoughtmix",
    "ip_class": "Class D"
  },
  {
    "id": 2520,
    "first_name": "Claude",
    "last_name": "Attwill",
    "email": "cattwillef@infoseek.co.jp",
    "gender": "Female",
    "ip_address": "225.47.167.214",
    "organization": "Podcat",
    "ip_class": "Class D"
  },
  {
    "id": 2529,
    "first_name": "Darlene",
    "last_name": "Dauney",
    "email": "ddauneyeo@virginia.edu",
    "gender": "Female",
    "ip_address": "238.62.35.214",
    "organization": "Pixoboo",
    "ip_class": "Class D"
  },
  {
    "id": 2580,
    "first_name": "Burton",
    "last_name": "Heald",
    "email": "bhealdg3@liveinternet.ru",
    "gender": "Male",
    "ip_address": "237.56.177.184",
    "organization": "Yabox",
    "ip_class": "Class D"
  },
  {
    "id": 2595,
    "first_name": "Marijn",
    "last_name": "Walenta",
    "email": "mwalentagi@elegantthemes.com",
    "gender": "Male",
    "ip_address": "239.181.251.120",
    "organization": "Jaxnation",
    "ip_class": "Class D"
  },
  {
    "id": 2599,
    "first_name": "Cordey",
    "last_name": "Stiven",
    "email": "cstivengm@comcast.net",
    "gender": "Non-binary",
    "ip_address": "229.247.138.246",
    "organization": "Jabberbean",
    "ip_class": "Class D"
  },
  {
    "id": 2601,
    "first_name": "Gianni",
    "last_name": "Croley",
    "email": "gcroleygo@wikispaces.com",
    "gender": "Male",
    "ip_address": "228.199.222.212",
    "organization": "Kazu",
    "ip_class": "Class D"
  },
  {
    "id": 2603,
    "first_name": "Osbert",
    "last_name": "Grenkov",
    "email": "ogrenkovgq@time.com",
    "gender": "Male",
    "ip_address": "232.9.165.4",
    "organization": "Flashspan",
    "ip_class": "Class D"
  },
  {
    "id": 2626,
    "first_name": "Rivy",
    "last_name": "Sulley",
    "email": "rsulleyhd@statcounter.com",
    "gender": "Female",
    "ip_address": "238.11.154.249",
    "organization": "Rhyloo",
    "ip_class": "Class D"
  },
  {
    "id": 2641,
    "first_name": "Alphonse",
    "last_name": "Kilfoyle",
    "email": "akilfoylehs@ca.gov",
    "gender": "Male",
    "ip_address": "236.87.219.94",
    "organization": "Skimia",
    "ip_class": "Class D"
  },
  {
    "id": 2652,
    "first_name": "Sanson",
    "last_name": "Latehouse",
    "email": "slatehousei3@seesaa.net",
    "gender": "Male",
    "ip_address": "225.223.108.64",
    "organization": "Oyope",
    "ip_class": "Class D"
  },
  {
    "id": 2659,
    "first_name": "Barthel",
    "last_name": "Rodge",
    "email": "brodgeia@blog.com",
    "gender": "Male",
    "ip_address": "229.159.166.11",
    "organization": "Meembee",
    "ip_class": "Class D"
  },
  {
    "id": 2661,
    "first_name": "Bink",
    "last_name": "MacKibbon",
    "email": "bmackibbonic@wired.com",
    "gender": "Genderfluid",
    "ip_address": "236.214.199.148",
    "organization": "Quatz",
    "ip_class": "Class D"
  },
  {
    "id": 2664,
    "first_name": "Marty",
    "last_name": "Steele",
    "email": "msteeleif@phoca.cz",
    "gender": "Genderfluid",
    "ip_address": "236.24.191.21",
    "organization": "Vidoo",
    "ip_class": "Class D"
  },
  {
    "id": 2681,
    "first_name": "Christophe",
    "last_name": "Kinghorn",
    "email": "ckinghorniw@princeton.edu",
    "gender": "Non-binary",
    "ip_address": "227.164.199.24",
    "organization": "Zoomzone",
    "ip_class": "Class D"
  },
  {
    "id": 2684,
    "first_name": "Mufinella",
    "last_name": "Teresia",
    "email": "mteresiaiz@networkadvertising.org",
    "gender": "Female",
    "ip_address": "238.110.49.81",
    "organization": "Photobug",
    "ip_class": "Class D"
  },
  {
    "id": 2693,
    "first_name": "Ford",
    "last_name": "Cordell",
    "email": "fcordellj8@dell.com",
    "gender": "Male",
    "ip_address": "227.177.185.3",
    "organization": "DabZ",
    "ip_class": "Class D"
  },
  {
    "id": 2712,
    "first_name": "Padget",
    "last_name": "Corneille",
    "email": "pcorneillejr@addtoany.com",
    "gender": "Male",
    "ip_address": "234.184.247.31",
    "organization": "Tanoodle",
    "ip_class": "Class D"
  },
  {
    "id": 2713,
    "first_name": "Ardelis",
    "last_name": "Camplen",
    "email": "acamplenjs@issuu.com",
    "gender": "Female",
    "ip_address": "234.35.203.145",
    "organization": "Roomm",
    "ip_class": "Class D"
  },
  {
    "id": 2715,
    "first_name": "Gino",
    "last_name": "Fleming",
    "email": "gflemingju@ibm.com",
    "gender": "Bigender",
    "ip_address": "227.222.21.101",
    "organization": "Jayo",
    "ip_class": "Class D"
  },
  {
    "id": 2732,
    "first_name": "Elwin",
    "last_name": "Doughtery",
    "email": "edoughterykb@oaic.gov.au",
    "gender": "Male",
    "ip_address": "233.122.85.38",
    "organization": "Kamba",
    "ip_class": "Class D"
  },
  {
    "id": 2739,
    "first_name": "Tristan",
    "last_name": "Vila",
    "email": "tvilaki@about.me",
    "gender": "Male",
    "ip_address": "229.72.177.247",
    "organization": "Eabox",
    "ip_class": "Class D"
  },
  {
    "id": 2757,
    "first_name": "Friedrick",
    "last_name": "Pilling",
    "email": "fpillingl0@va.gov",
    "gender": "Male",
    "ip_address": "225.215.23.57",
    "organization": "Yabox",
    "ip_class": "Class D"
  },
  {
    "id": 2774,
    "first_name": "Allianora",
    "last_name": "Pharaoh",
    "email": "apharaohlh@1688.com",
    "gender": "Female",
    "ip_address": "226.97.226.88",
    "organization": "Twinte",
    "ip_class": "Class D"
  },
  {
    "id": 2775,
    "first_name": "Micah",
    "last_name": "Moulton",
    "email": "mmoultonli@ucsd.edu",
    "gender": "Polygender",
    "ip_address": "232.147.236.92",
    "organization": "Photofeed",
    "ip_class": "Class D"
  },
  {
    "id": 2779,
    "first_name": "Tye",
    "last_name": "Shilburne",
    "email": "tshilburnelm@tinyurl.com",
    "gender": "Male",
    "ip_address": "237.133.182.217",
    "organization": "Eazzy",
    "ip_class": "Class D"
  },
  {
    "id": 2795,
    "first_name": "Andrey",
    "last_name": "Ivanikhin",
    "email": "aivanikhinm2@springer.com",
    "gender": "Male",
    "ip_address": "235.207.77.6",
    "organization": "Voonder",
    "ip_class": "Class D"
  },
  {
    "id": 2796,
    "first_name": "Gregor",
    "last_name": "Addy",
    "email": "gaddym3@51.la",
    "gender": "Male",
    "ip_address": "229.96.226.5",
    "organization": "Mybuzz",
    "ip_class": "Class D"
  },
  {
    "id": 2801,
    "first_name": "Meriel",
    "last_name": "Ough",
    "email": "moughm8@goodreads.com",
    "gender": "Agender",
    "ip_address": "233.250.102.251",
    "organization": "Eimbee",
    "ip_class": "Class D"
  },
  {
    "id": 2805,
    "first_name": "Waldo",
    "last_name": "Greenstead",
    "email": "wgreensteadmc@ifeng.com",
    "gender": "Male",
    "ip_address": "237.190.115.189",
    "organization": "Photolist",
    "ip_class": "Class D"
  },
  {
    "id": 2816,
    "first_name": "Wit",
    "last_name": "Stolli",
    "email": "wstollimn@google.pl",
    "gender": "Male",
    "ip_address": "238.21.77.18",
    "organization": "Topicblab",
    "ip_class": "Class D"
  },
  {
    "id": 2884,
    "first_name": "Raimondo",
    "last_name": "Dono",
    "email": "rdonooj@wiley.com",
    "gender": "Male",
    "ip_address": "227.59.136.111",
    "organization": "Zoombeat",
    "ip_class": "Class D"
  },
  {
    "id": 2889,
    "first_name": "Malia",
    "last_name": "Huddles",
    "email": "mhuddlesoo@last.fm",
    "gender": "Female",
    "ip_address": "227.19.235.191",
    "organization": "Plambee",
    "ip_class": "Class D"
  },
  {
    "id": 2909,
    "first_name": "Porty",
    "last_name": "Medcraft",
    "email": "pmedcraftp8@omniture.com",
    "gender": "Genderfluid",
    "ip_address": "232.43.87.85",
    "organization": "Voonder",
    "ip_class": "Class D"
  },
  {
    "id": 2930,
    "first_name": "Nola",
    "last_name": "Kirley",
    "email": "nkirleypt@t.co",
    "gender": "Female",
    "ip_address": "238.121.221.46",
    "organization": "Yodoo",
    "ip_class": "Class D"
  },
  {
    "id": 2933,
    "first_name": "Arabelle",
    "last_name": "Basson",
    "email": "abassonpw@pagesperso-orange.fr",
    "gender": "Female",
    "ip_address": "236.113.134.8",
    "organization": "Brightbean",
    "ip_class": "Class D"
  },
  {
    "id": 2941,
    "first_name": "Avram",
    "last_name": "Redit",
    "email": "areditq4@thetimes.co.uk",
    "gender": "Male",
    "ip_address": "227.93.246.40",
    "organization": "Oyoyo",
    "ip_class": "Class D"
  },
  {
    "id": 2950,
    "first_name": "Sutherland",
    "last_name": "Fache",
    "email": "sfacheqd@constantcontact.com",
    "gender": "Male",
    "ip_address": "228.225.250.190",
    "organization": "Chatterpoint",
    "ip_class": "Class D"
  },
  {
    "id": 2975,
    "first_name": "Herc",
    "last_name": "Burnsides",
    "email": "hburnsidesr2@angelfire.com",
    "gender": "Male",
    "ip_address": "224.121.248.35",
    "organization": "Riffpath",
    "ip_class": "Class D"
  },
  {
    "id": 2982,
    "first_name": "Dale",
    "last_name": "Pele",
    "email": "dpeler9@nationalgeographic.com",
    "gender": "Male",
    "ip_address": "239.103.138.140",
    "organization": "Ooba",
    "ip_class": "Class D"
  },
  {
    "id": 2987,
    "first_name": "Edouard",
    "last_name": "Jean",
    "email": "ejeanre@i2i.jp",
    "gender": "Male",
    "ip_address": "224.58.219.44",
    "organization": "Skimia",
    "ip_class": "Class D"
  },
  {
    "id": 3021,
    "first_name": "Aksel",
    "last_name": "Ballance",
    "email": "aballancek@springer.com",
    "gender": "Male",
    "ip_address": "238.56.250.149",
    "organization": "Trilia",
    "ip_class": "Class D"
  },
  {
    "id": 3043,
    "first_name": "Inessa",
    "last_name": "Vernall",
    "email": "ivernall16@blinklist.com",
    "gender": "Female",
    "ip_address": "229.110.33.217",
    "organization": "Podcat",
    "ip_class": "Class D"
  },
  {
    "id": 3045,
    "first_name": "Belvia",
    "last_name": "Hassur",
    "email": "bhassur18@fema.gov",
    "gender": "Female",
    "ip_address": "226.140.162.153",
    "organization": "Npath",
    "ip_class": "Class D"
  },
  {
    "id": 3057,
    "first_name": "Benedikta",
    "last_name": "Leavens",
    "email": "bleavens1k@pcworld.com",
    "gender": "Bigender",
    "ip_address": "231.40.65.47",
    "organization": "Cogibox",
    "ip_class": "Class D"
  },
  {
    "id": 3060,
    "first_name": "Erin",
    "last_name": "Plenty",
    "email": "eplenty1n@unicef.org",
    "gender": "Genderqueer",
    "ip_address": "231.54.172.238",
    "organization": "Feedmix",
    "ip_class": "Class D"
  },
  {
    "id": 3067,
    "first_name": "Creighton",
    "last_name": "Rawlingson",
    "email": "crawlingson1u@illinois.edu",
    "gender": "Male",
    "ip_address": "233.188.86.153",
    "organization": "Babbleblab",
    "ip_class": "Class D"
  },
  {
    "id": 3076,
    "first_name": "Nonah",
    "last_name": "Blaine",
    "email": "nblaine23@drupal.org",
    "gender": "Female",
    "ip_address": "224.176.67.57",
    "organization": "Trudoo",
    "ip_class": "Class D"
  },
  {
    "id": 3098,
    "first_name": "Creight",
    "last_name": "Hamsson",
    "email": "chamsson2p@theglobeandmail.com",
    "gender": "Male",
    "ip_address": "236.249.1.12",
    "organization": "Flashpoint",
    "ip_class": "Class D"
  },
  {
    "id": 3111,
    "first_name": "Sabine",
    "last_name": "Taggert",
    "email": "staggert32@mayoclinic.com",
    "gender": "Genderqueer",
    "ip_address": "227.169.93.95",
    "organization": "Cogilith",
    "ip_class": "Class D"
  },
  {
    "id": 3136,
    "first_name": "Amelie",
    "last_name": "Glader",
    "email": "aglader3r@auda.org.au",
    "gender": "Female",
    "ip_address": "237.151.48.242",
    "organization": "Mydeo",
    "ip_class": "Class D"
  },
  {
    "id": 3138,
    "first_name": "Jeni",
    "last_name": "Prosch",
    "email": "jprosch3t@businessweek.com",
    "gender": "Female",
    "ip_address": "237.54.225.33",
    "organization": "Vipe",
    "ip_class": "Class D"
  },
  {
    "id": 3141,
    "first_name": "Halley",
    "last_name": "Kordovani",
    "email": "hkordovani3w@yellowpages.com",
    "gender": "Female",
    "ip_address": "233.39.250.63",
    "organization": "Bluezoom",
    "ip_class": "Class D"
  },
  {
    "id": 3182,
    "first_name": "Robenia",
    "last_name": "Petrelli",
    "email": "rpetrelli51@wunderground.com",
    "gender": "Polygender",
    "ip_address": "234.39.235.82",
    "organization": "Kamba",
    "ip_class": "Class D"
  },
  {
    "id": 3191,
    "first_name": "Devonna",
    "last_name": "O'Kinedy",
    "email": "dokinedy5a@canalblog.com",
    "gender": "Genderqueer",
    "ip_address": "233.223.251.109",
    "organization": "Abatz",
    "ip_class": "Class D"
  },
  {
    "id": 3196,
    "first_name": "Cristiano",
    "last_name": "Marquand",
    "email": "cmarquand5f@moonfruit.com",
    "gender": "Male",
    "ip_address": "229.191.235.77",
    "organization": "Divape",
    "ip_class": "Class D"
  },
  {
    "id": 3204,
    "first_name": "Prentiss",
    "last_name": "Delacote",
    "email": "pdelacote5n@stanford.edu",
    "gender": "Male",
    "ip_address": "229.207.86.40",
    "organization": "Eidel",
    "ip_class": "Class D"
  },
  {
    "id": 3232,
    "first_name": "Loutitia",
    "last_name": "Yesinov",
    "email": "lyesinov6f@google.com",
    "gender": "Non-binary",
    "ip_address": "225.157.156.131",
    "organization": "Brainverse",
    "ip_class": "Class D"
  },
  {
    "id": 3236,
    "first_name": "Nataline",
    "last_name": "Peterffy",
    "email": "npeterffy6j@nydailynews.com",
    "gender": "Female",
    "ip_address": "233.255.113.130",
    "organization": "Tagpad",
    "ip_class": "Class D"
  },
  {
    "id": 3248,
    "first_name": "Laurena",
    "last_name": "Wooles",
    "email": "lwooles6v@i2i.jp",
    "gender": "Agender",
    "ip_address": "233.188.166.150",
    "organization": "Gigazoom",
    "ip_class": "Class D"
  },
  {
    "id": 3250,
    "first_name": "Anne-corinne",
    "last_name": "Bogeys",
    "email": "abogeys6x@independent.co.uk",
    "gender": "Female",
    "ip_address": "224.249.95.51",
    "organization": "Einti",
    "ip_class": "Class D"
  },
  {
    "id": 3260,
    "first_name": "Wallie",
    "last_name": "Oakshott",
    "email": "woakshott77@printfriendly.com",
    "gender": "Male",
    "ip_address": "229.69.143.76",
    "organization": "Realpoint",
    "ip_class": "Class D"
  },
  {
    "id": 3267,
    "first_name": "Grenville",
    "last_name": "Douberday",
    "email": "gdouberday7e@europa.eu",
    "gender": "Male",
    "ip_address": "233.95.170.31",
    "organization": "Rhybox",
    "ip_class": "Class D"
  },
  {
    "id": 3308,
    "first_name": "Netti",
    "last_name": "Kmietsch",
    "email": "nkmietsch8j@dedecms.com",
    "gender": "Female",
    "ip_address": "231.126.60.57",
    "organization": "BlogXS",
    "ip_class": "Class D"
  },
  {
    "id": 3321,
    "first_name": "Federico",
    "last_name": "Mont",
    "email": "fmont8w@irs.gov",
    "gender": "Male",
    "ip_address": "230.126.110.3",
    "organization": "Eimbee",
    "ip_class": "Class D"
  },
  {
    "id": 3354,
    "first_name": "Wenona",
    "last_name": "Zuanazzi",
    "email": "wzuanazzi9t@shareasale.com",
    "gender": "Female",
    "ip_address": "226.35.250.150",
    "organization": "Flipbug",
    "ip_class": "Class D"
  },
  {
    "id": 3358,
    "first_name": "Cathe",
    "last_name": "Stute",
    "email": "cstute9x@abc.net.au",
    "gender": "Female",
    "ip_address": "233.146.107.87",
    "organization": "Pixoboo",
    "ip_class": "Class D"
  },
  {
    "id": 3361,
    "first_name": "Davon",
    "last_name": "Coaster",
    "email": "dcoastera0@webnode.com",
    "gender": "Male",
    "ip_address": "236.130.49.215",
    "organization": "Linkbuzz",
    "ip_class": "Class D"
  },
  {
    "id": 3388,
    "first_name": "Hinda",
    "last_name": "Norster",
    "email": "hnorsterar@list-manage.com",
    "gender": "Genderfluid",
    "ip_address": "238.78.15.122",
    "organization": "Feedspan",
    "ip_class": "Class D"
  },
  {
    "id": 3394,
    "first_name": "Norry",
    "last_name": "Chidwick",
    "email": "nchidwickax@bizjournals.com",
    "gender": "Male",
    "ip_address": "229.10.8.240",
    "organization": "Agivu",
    "ip_class": "Class D"
  },
  {
    "id": 3405,
    "first_name": "Jarrid",
    "last_name": "Morten",
    "email": "jmortenb8@bandcamp.com",
    "gender": "Male",
    "ip_address": "227.5.16.75",
    "organization": "Tagcat",
    "ip_class": "Class D"
  },
  {
    "id": 3406,
    "first_name": "Eduardo",
    "last_name": "Boulsher",
    "email": "eboulsherb9@state.gov",
    "gender": "Male",
    "ip_address": "230.80.116.70",
    "organization": "Youtags",
    "ip_class": "Class D"
  },
  {
    "id": 3412,
    "first_name": "Jobey",
    "last_name": "Dunseith",
    "email": "jdunseithbf@mozilla.com",
    "gender": "Female",
    "ip_address": "229.90.129.125",
    "organization": "Trudeo",
    "ip_class": "Class D"
  },
  {
    "id": 3419,
    "first_name": "Katie",
    "last_name": "Pheazey",
    "email": "kpheazeybm@rakuten.co.jp",
    "gender": "Female",
    "ip_address": "239.82.85.71",
    "organization": "Youtags",
    "ip_class": "Class D"
  },
  {
    "id": 3429,
    "first_name": "Lowell",
    "last_name": "O'Cahsedy",
    "email": "locahsedybw@wordpress.org",
    "gender": "Male",
    "ip_address": "227.33.77.254",
    "organization": "Dabvine",
    "ip_class": "Class D"
  },
  {
    "id": 3436,
    "first_name": "Lethia",
    "last_name": "Polkinghorne",
    "email": "lpolkinghornec3@dropbox.com",
    "gender": "Polygender",
    "ip_address": "226.100.52.252",
    "organization": "Meezzy",
    "ip_class": "Class D"
  },
  {
    "id": 3450,
    "first_name": "Sibby",
    "last_name": "Breeder",
    "email": "sbreederch@amazon.com",
    "gender": "Female",
    "ip_address": "234.26.186.141",
    "organization": "Teklist",
    "ip_class": "Class D"
  },
  {
    "id": 3464,
    "first_name": "Rosemonde",
    "last_name": "Ebenezer",
    "email": "rebenezercv@businesswire.com",
    "gender": "Female",
    "ip_address": "239.27.120.116",
    "organization": "Yata",
    "ip_class": "Class D"
  },
  {
    "id": 3466,
    "first_name": "Mano",
    "last_name": "Pellitt",
    "email": "mpellittcx@printfriendly.com",
    "gender": "Male",
    "ip_address": "236.98.18.197",
    "organization": "Photofeed",
    "ip_class": "Class D"
  },
  {
    "id": 3483,
    "first_name": "Laureen",
    "last_name": "Antliff",
    "email": "lantliffde@kickstarter.com",
    "gender": "Female",
    "ip_address": "231.35.164.28",
    "organization": "Skiba",
    "ip_class": "Class D"
  },
  {
    "id": 3492,
    "first_name": "Bernete",
    "last_name": "Fremantle",
    "email": "bfremantledn@ibm.com",
    "gender": "Female",
    "ip_address": "236.182.12.212",
    "organization": "Topicshots",
    "ip_class": "Class D"
  },
  {
    "id": 3495,
    "first_name": "Toby",
    "last_name": "Espadater",
    "email": "tespadaterdq@ezinearticles.com",
    "gender": "Male",
    "ip_address": "226.44.72.60",
    "organization": "Meeveo",
    "ip_class": "Class D"
  },
  {
    "id": 3546,
    "first_name": "Garrick",
    "last_name": "Scapelhorn",
    "email": "gscapelhornf5@github.com",
    "gender": "Male",
    "ip_address": "230.26.98.155",
    "organization": "Wikizz",
    "ip_class": "Class D"
  },
  {
    "id": 3550,
    "first_name": "Osborne",
    "last_name": "Rickhuss",
    "email": "orickhussf9@gravatar.com",
    "gender": "Male",
    "ip_address": "226.254.212.34",
    "organization": "Dabtype",
    "ip_class": "Class D"
  },
  {
    "id": 3554,
    "first_name": "Geri",
    "last_name": "Maso",
    "email": "gmasofd@canalblog.com",
    "gender": "Female",
    "ip_address": "232.187.90.133",
    "organization": "Divanoodle",
    "ip_class": "Class D"
  },
  {
    "id": 3571,
    "first_name": "Adella",
    "last_name": "Le Sarr",
    "email": "alesarrfu@bandcamp.com",
    "gender": "Female",
    "ip_address": "237.176.159.218",
    "organization": "Yodel",
    "ip_class": "Class D"
  },
  {
    "id": 3581,
    "first_name": "Magnum",
    "last_name": "Gudgeon",
    "email": "mgudgeong4@sina.com.cn",
    "gender": "Male",
    "ip_address": "227.69.78.221",
    "organization": "Flashpoint",
    "ip_class": "Class D"
  },
  {
    "id": 3584,
    "first_name": "Edsel",
    "last_name": "Josefowicz",
    "email": "ejosefowiczg7@meetup.com",
    "gender": "Genderfluid",
    "ip_address": "230.173.59.240",
    "organization": "Feednation",
    "ip_class": "Class D"
  },
  {
    "id": 3588,
    "first_name": "Johannah",
    "last_name": "Keavy",
    "email": "jkeavygb@scribd.com",
    "gender": "Female",
    "ip_address": "239.103.202.155",
    "organization": "Feedmix",
    "ip_class": "Class D"
  },
  {
    "id": 3594,
    "first_name": "Leela",
    "last_name": "Youell",
    "email": "lyouellgh@nifty.com",
    "gender": "Female",
    "ip_address": "237.54.41.1",
    "organization": "Ntags",
    "ip_class": "Class D"
  },
  {
    "id": 3622,
    "first_name": "Ermengarde",
    "last_name": "Howchin",
    "email": "ehowchinh9@tripadvisor.com",
    "gender": "Female",
    "ip_address": "225.73.231.34",
    "organization": "Izio",
    "ip_class": "Class D"
  },
  {
    "id": 3623,
    "first_name": "Noby",
    "last_name": "Blazej",
    "email": "nblazejha@xinhuanet.com",
    "gender": "Male",
    "ip_address": "234.159.203.217",
    "organization": "Skyba",
    "ip_class": "Class D"
  },
  {
    "id": 3673,
    "first_name": "Bamby",
    "last_name": "Obal",
    "email": "bobalio@biblegateway.com",
    "gender": "Female",
    "ip_address": "231.124.239.190",
    "organization": "Skidoo",
    "ip_class": "Class D"
  },
  {
    "id": 3675,
    "first_name": "Waylen",
    "last_name": "Kilpin",
    "email": "wkilpiniq@bluehost.com",
    "gender": "Male",
    "ip_address": "227.187.21.254",
    "organization": "Jayo",
    "ip_class": "Class D"
  },
  {
    "id": 3703,
    "first_name": "Mariellen",
    "last_name": "Bleyman",
    "email": "mbleymanji@feedburner.com",
    "gender": "Female",
    "ip_address": "232.222.13.252",
    "organization": "Topicware",
    "ip_class": "Class D"
  },
  {
    "id": 3711,
    "first_name": "Yetty",
    "last_name": "Cutchey",
    "email": "ycutcheyjq@aboutads.info",
    "gender": "Female",
    "ip_address": "236.78.98.204",
    "organization": "Innojam",
    "ip_class": "Class D"
  },
  {
    "id": 3726,
    "first_name": "Shaughn",
    "last_name": "McClinton",
    "email": "smcclintonk5@people.com.cn",
    "gender": "Polygender",
    "ip_address": "227.62.215.120",
    "organization": "Zoonder",
    "ip_class": "Class D"
  },
  {
    "id": 3728,
    "first_name": "Aline",
    "last_name": "De Freyne",
    "email": "adefreynek7@wikipedia.org",
    "gender": "Female",
    "ip_address": "238.233.24.109",
    "organization": "Fatz",
    "ip_class": "Class D"
  },
  {
    "id": 3775,
    "first_name": "Lester",
    "last_name": "Carlill",
    "email": "lcarlillli@blogs.com",
    "gender": "Male",
    "ip_address": "233.182.193.204",
    "organization": "Yodo",
    "ip_class": "Class D"
  },
  {
    "id": 3788,
    "first_name": "Pavia",
    "last_name": "Busk",
    "email": "pbusklv@reverbnation.com",
    "gender": "Female",
    "ip_address": "233.141.32.105",
    "organization": "Katz",
    "ip_class": "Class D"
  },
  {
    "id": 3796,
    "first_name": "Phip",
    "last_name": "Listone",
    "email": "plistonem3@sbwire.com",
    "gender": "Male",
    "ip_address": "228.133.21.2",
    "organization": "Oodoo",
    "ip_class": "Class D"
  },
  {
    "id": 3807,
    "first_name": "Keith",
    "last_name": "Garnsey",
    "email": "kgarnseyme@gravatar.com",
    "gender": "Male",
    "ip_address": "236.223.205.122",
    "organization": "Twiyo",
    "ip_class": "Class D"
  },
  {
    "id": 3830,
    "first_name": "Hedvig",
    "last_name": "McCloy",
    "email": "hmccloyn1@hc360.com",
    "gender": "Female",
    "ip_address": "235.116.128.82",
    "organization": "Wikivu",
    "ip_class": "Class D"
  },
  {
    "id": 3883,
    "first_name": "Kelcie",
    "last_name": "Taffie",
    "email": "ktaffieoi@bigcartel.com",
    "gender": "Female",
    "ip_address": "235.229.189.249",
    "organization": "Riffwire",
    "ip_class": "Class D"
  },
  {
    "id": 3886,
    "first_name": "Judas",
    "last_name": "Fishpoole",
    "email": "jfishpooleol@vimeo.com",
    "gender": "Male",
    "ip_address": "237.74.168.174",
    "organization": "Agimba",
    "ip_class": "Class D"
  },
  {
    "id": 3900,
    "first_name": "Lotte",
    "last_name": "Kristof",
    "email": "lkristofoz@eventbrite.com",
    "gender": "Female",
    "ip_address": "234.65.203.141",
    "organization": "Skidoo",
    "ip_class": "Class D"
  },
  {
    "id": 3913,
    "first_name": "Jessamine",
    "last_name": "Grzesiewicz",
    "email": "jgrzesiewiczpc@gmpg.org",
    "gender": "Female",
    "ip_address": "224.158.18.71",
    "organization": "Realblab",
    "ip_class": "Class D"
  },
  {
    "id": 3920,
    "first_name": "Noble",
    "last_name": "Elderkin",
    "email": "nelderkinpj@usatoday.com",
    "gender": "Male",
    "ip_address": "228.79.238.246",
    "organization": "Flipstorm",
    "ip_class": "Class D"
  },
  {
    "id": 3956,
    "first_name": "Bayard",
    "last_name": "Denk",
    "email": "bdenkqj@ifeng.com",
    "gender": "Male",
    "ip_address": "235.176.7.157",
    "organization": "Edgewire",
    "ip_class": "Class D"
  },
  {
    "id": 3965,
    "first_name": "Warden",
    "last_name": "McVey",
    "email": "wmcveyqs@ifeng.com",
    "gender": "Male",
    "ip_address": "226.83.82.16",
    "organization": "Tanoodle",
    "ip_class": "Class D"
  },
  {
    "id": 3967,
    "first_name": "Margaretta",
    "last_name": "Bruinemann",
    "email": "mbruinemannqu@senate.gov",
    "gender": "Female",
    "ip_address": "235.125.79.246",
    "organization": "Thoughtstorm",
    "ip_class": "Class D"
  },
  {
    "id": 3982,
    "first_name": "Ferne",
    "last_name": "Gradwell",
    "email": "fgradwellr9@hatena.ne.jp",
    "gender": "Female",
    "ip_address": "232.95.225.194",
    "organization": "Teklist",
    "ip_class": "Class D"
  },
  {
    "id": 3997,
    "first_name": "Kizzee",
    "last_name": "Klempke",
    "email": "kklempkero@clickbank.net",
    "gender": "Female",
    "ip_address": "233.1.181.242",
    "organization": "Brightdog",
    "ip_class": "Class D"
  },
  {
    "id": 4046,
    "first_name": "Gilemette",
    "last_name": "Krystek",
    "email": "gkrystek19@4shared.com",
    "gender": "Female",
    "ip_address": "233.2.132.244",
    "organization": "Dabtype",
    "ip_class": "Class D"
  },
  {
    "id": 4091,
    "first_name": "Jessee",
    "last_name": "McDunlevy",
    "email": "jmcdunlevy2i@gnu.org",
    "gender": "Male",
    "ip_address": "239.5.45.55",
    "organization": "Jetwire",
    "ip_class": "Class D"
  },
  {
    "id": 4097,
    "first_name": "Roma",
    "last_name": "Windsor",
    "email": "rwindsor2o@wired.com",
    "gender": "Agender",
    "ip_address": "236.176.8.242",
    "organization": "Roombo",
    "ip_class": "Class D"
  },
  {
    "id": 4104,
    "first_name": "Mikaela",
    "last_name": "Clac",
    "email": "mclac2v@webs.com",
    "gender": "Female",
    "ip_address": "238.198.174.227",
    "organization": "Voomm",
    "ip_class": "Class D"
  },
  {
    "id": 4137,
    "first_name": "Sherm",
    "last_name": "Yerlett",
    "email": "syerlett3s@examiner.com",
    "gender": "Male",
    "ip_address": "232.223.129.184",
    "organization": "Reallinks",
    "ip_class": "Class D"
  },
  {
    "id": 4147,
    "first_name": "Adella",
    "last_name": "Rigg",
    "email": "arigg42@netlog.com",
    "gender": "Female",
    "ip_address": "224.231.150.67",
    "organization": "Skipfire",
    "ip_class": "Class D"
  },
  {
    "id": 4156,
    "first_name": "Bartlett",
    "last_name": "Raubenheim",
    "email": "braubenheim4b@walmart.com",
    "gender": "Male",
    "ip_address": "234.199.118.173",
    "organization": "Lazz",
    "ip_class": "Class D"
  },
  {
    "id": 4166,
    "first_name": "Gregoor",
    "last_name": "Golagley",
    "email": "ggolagley4l@cocolog-nifty.com",
    "gender": "Male",
    "ip_address": "228.228.251.57",
    "organization": "Thoughtworks",
    "ip_class": "Class D"
  },
  {
    "id": 4184,
    "first_name": "Colline",
    "last_name": "Korous",
    "email": "ckorous53@jalbum.net",
    "gender": "Female",
    "ip_address": "239.102.176.127",
    "organization": "Edgeify",
    "ip_class": "Class D"
  },
  {
    "id": 4208,
    "first_name": "Talyah",
    "last_name": "Wyson",
    "email": "twyson5r@deviantart.com",
    "gender": "Female",
    "ip_address": "239.67.221.255",
    "organization": "Vinder",
    "ip_class": "Class D"
  },
  {
    "id": 4217,
    "first_name": "Gaby",
    "last_name": "Mounter",
    "email": "gmounter60@youtube.com",
    "gender": "Female",
    "ip_address": "227.144.193.215",
    "organization": "Kazio",
    "ip_class": "Class D"
  },
  {
    "id": 4230,
    "first_name": "Fran",
    "last_name": "Lishmund",
    "email": "flishmund6d@dailymail.co.uk",
    "gender": "Female",
    "ip_address": "224.174.218.137",
    "organization": "Photolist",
    "ip_class": "Class D"
  },
  {
    "id": 4273,
    "first_name": "Pascal",
    "last_name": "Clutten",
    "email": "pclutten7k@discovery.com",
    "gender": "Male",
    "ip_address": "232.103.14.241",
    "organization": "Yoveo",
    "ip_class": "Class D"
  },
  {
    "id": 4275,
    "first_name": "Bettine",
    "last_name": "Reisen",
    "email": "breisen7m@desdev.cn",
    "gender": "Female",
    "ip_address": "237.184.30.210",
    "organization": "Kaymbo",
    "ip_class": "Class D"
  },
  {
    "id": 4284,
    "first_name": "Krisha",
    "last_name": "Rossbrooke",
    "email": "krossbrooke7v@cnn.com",
    "gender": "Male",
    "ip_address": "227.28.241.99",
    "organization": "Tambee",
    "ip_class": "Class D"
  },
  {
    "id": 4290,
    "first_name": "Norean",
    "last_name": "Surby",
    "email": "nsurby81@ucoz.ru",
    "gender": "Female",
    "ip_address": "229.222.119.224",
    "organization": "Kanoodle",
    "ip_class": "Class D"
  },
  {
    "id": 4320,
    "first_name": "Halsy",
    "last_name": "Mursell",
    "email": "hmursell8v@sitemeter.com",
    "gender": "Male",
    "ip_address": "227.146.116.126",
    "organization": "Roodel",
    "ip_class": "Class D"
  },
  {
    "id": 4356,
    "first_name": "Halli",
    "last_name": "Josephs",
    "email": "hjosephs9v@alibaba.com",
    "gender": "Non-binary",
    "ip_address": "237.177.163.224",
    "organization": "Twitterbeat",
    "ip_class": "Class D"
  },
  {
    "id": 4363,
    "first_name": "Nikolas",
    "last_name": "Biddlestone",
    "email": "nbiddlestonea2@paginegialle.it",
    "gender": "Male",
    "ip_address": "227.221.102.55",
    "organization": "Realpoint",
    "ip_class": "Class D"
  },
  {
    "id": 4368,
    "first_name": "Krispin",
    "last_name": "Loggie",
    "email": "kloggiea7@canalblog.com",
    "gender": "Male",
    "ip_address": "232.148.178.16",
    "organization": "Topicblab",
    "ip_class": "Class D"
  },
  {
    "id": 4374,
    "first_name": "Curcio",
    "last_name": "Stoney",
    "email": "cstoneyad@e-recht24.de",
    "gender": "Male",
    "ip_address": "236.12.161.242",
    "organization": "Tagtune",
    "ip_class": "Class D"
  },
  {
    "id": 4383,
    "first_name": "Lothaire",
    "last_name": "Code",
    "email": "lcodeam@ovh.net",
    "gender": "Male",
    "ip_address": "228.123.110.32",
    "organization": "Thoughtmix",
    "ip_class": "Class D"
  },
  {
    "id": 4392,
    "first_name": "Eb",
    "last_name": "Tutchings",
    "email": "etutchingsav@tinypic.com",
    "gender": "Male",
    "ip_address": "239.100.215.176",
    "organization": "Photobug",
    "ip_class": "Class D"
  },
  {
    "id": 4393,
    "first_name": "Lilllie",
    "last_name": "Mugg",
    "email": "lmuggaw@feedburner.com",
    "gender": "Female",
    "ip_address": "230.163.179.110",
    "organization": "Trudoo",
    "ip_class": "Class D"
  },
  {
    "id": 4469,
    "first_name": "Thatch",
    "last_name": "Poag",
    "email": "tpoagd0@nasa.gov",
    "gender": "Male",
    "ip_address": "235.104.76.44",
    "organization": "Edgeblab",
    "ip_class": "Class D"
  },
  {
    "id": 4476,
    "first_name": "Bronson",
    "last_name": "Gosnell",
    "email": "bgosnelld7@blogspot.com",
    "gender": "Male",
    "ip_address": "226.226.181.149",
    "organization": "Zoonoodle",
    "ip_class": "Class D"
  },
  {
    "id": 4497,
    "first_name": "Ulric",
    "last_name": "Rackham",
    "email": "urackhamds@aol.com",
    "gender": "Male",
    "ip_address": "228.90.105.120",
    "organization": "Quire",
    "ip_class": "Class D"
  },
  {
    "id": 4507,
    "first_name": "Hart",
    "last_name": "Fippe",
    "email": "hfippee2@about.com",
    "gender": "Male",
    "ip_address": "236.254.28.7",
    "organization": "Gabspot",
    "ip_class": "Class D"
  },
  {
    "id": 4509,
    "first_name": "Jozef",
    "last_name": "Syseland",
    "email": "jsyselande4@latimes.com",
    "gender": "Polygender",
    "ip_address": "239.255.27.55",
    "organization": "Voomm",
    "ip_class": "Class D"
  },
  {
    "id": 4517,
    "first_name": "Hendrika",
    "last_name": "Crewes",
    "email": "hcrewesec@booking.com",
    "gender": "Female",
    "ip_address": "236.237.146.212",
    "organization": "Chatterpoint",
    "ip_class": "Class D"
  },
  {
    "id": 4539,
    "first_name": "Andriana",
    "last_name": "Fazzioli",
    "email": "afazzioliey@cmu.edu",
    "gender": "Female",
    "ip_address": "234.107.111.56",
    "organization": "Ntag",
    "ip_class": "Class D"
  },
  {
    "id": 4550,
    "first_name": "Aurie",
    "last_name": "Waddilow",
    "email": "awaddilowf9@un.org",
    "gender": "Female",
    "ip_address": "236.58.88.163",
    "organization": "Skyndu",
    "ip_class": "Class D"
  },
  {
    "id": 4568,
    "first_name": "Lesly",
    "last_name": "Tooher",
    "email": "ltooherfr@cbsnews.com",
    "gender": "Female",
    "ip_address": "234.47.153.24",
    "organization": "Bubblemix",
    "ip_class": "Class D"
  },
  {
    "id": 4573,
    "first_name": "Spike",
    "last_name": "Shelford",
    "email": "sshelfordfw@wp.com",
    "gender": "Male",
    "ip_address": "224.12.233.237",
    "organization": "Meemm",
    "ip_class": "Class D"
  },
  {
    "id": 4574,
    "first_name": "Erika",
    "last_name": "Wherton",
    "email": "ewhertonfx@usgs.gov",
    "gender": "Female",
    "ip_address": "227.23.178.168",
    "organization": "Yakijo",
    "ip_class": "Class D"
  },
  {
    "id": 4580,
    "first_name": "Myrtice",
    "last_name": "Axtonne",
    "email": "maxtonneg3@miibeian.gov.cn",
    "gender": "Female",
    "ip_address": "229.162.75.34",
    "organization": "Meezzy",
    "ip_class": "Class D"
  },
  {
    "id": 4585,
    "first_name": "Denys",
    "last_name": "Meharry",
    "email": "dmeharryg8@hostgator.com",
    "gender": "Female",
    "ip_address": "236.234.180.114",
    "organization": "Skimia",
    "ip_class": "Class D"
  },
  {
    "id": 4593,
    "first_name": "Addison",
    "last_name": "D'Ambrogio",
    "email": "adambrogiogg@mashable.com",
    "gender": "Male",
    "ip_address": "235.116.36.150",
    "organization": "Layo",
    "ip_class": "Class D"
  },
  {
    "id": 4600,
    "first_name": "Mariann",
    "last_name": "Nekrews",
    "email": "mnekrewsgn@odnoklassniki.ru",
    "gender": "Female",
    "ip_address": "231.119.176.47",
    "organization": "Yodel",
    "ip_class": "Class D"
  },
  {
    "id": 4601,
    "first_name": "Griffy",
    "last_name": "Lusty",
    "email": "glustygo@hc360.com",
    "gender": "Male",
    "ip_address": "234.221.205.185",
    "organization": "Topicblab",
    "ip_class": "Class D"
  },
  {
    "id": 4626,
    "first_name": "Lucien",
    "last_name": "Yoodall",
    "email": "lyoodallhd@technorati.com",
    "gender": "Agender",
    "ip_address": "224.7.55.202",
    "organization": "Yamia",
    "ip_class": "Class D"
  },
  {
    "id": 4647,
    "first_name": "Corrinne",
    "last_name": "Edwick",
    "email": "cedwickhy@unblog.fr",
    "gender": "Female",
    "ip_address": "235.148.211.229",
    "organization": "Teklist",
    "ip_class": "Class D"
  },
  {
    "id": 4650,
    "first_name": "Casandra",
    "last_name": "Brouard",
    "email": "cbrouardi1@joomla.org",
    "gender": "Female",
    "ip_address": "235.116.88.59",
    "organization": "Browsebug",
    "ip_class": "Class D"
  },
  {
    "id": 4651,
    "first_name": "Maryl",
    "last_name": "Mutimer",
    "email": "mmutimeri2@wikimedia.org",
    "gender": "Female",
    "ip_address": "233.67.69.154",
    "organization": "Thoughtbridge",
    "ip_class": "Class D"
  },
  {
    "id": 4660,
    "first_name": "Shaylyn",
    "last_name": "Cohen",
    "email": "scohenib@ca.gov",
    "gender": "Female",
    "ip_address": "230.24.129.195",
    "organization": "Jayo",
    "ip_class": "Class D"
  },
  {
    "id": 4665,
    "first_name": "Vonny",
    "last_name": "Howell",
    "email": "vhowellig@sourceforge.net",
    "gender": "Female",
    "ip_address": "237.117.215.235",
    "organization": "Edgepulse",
    "ip_class": "Class D"
  },
  {
    "id": 4724,
    "first_name": "Nehemiah",
    "last_name": "Brecken",
    "email": "nbreckenk3@delicious.com",
    "gender": "Male",
    "ip_address": "232.88.219.132",
    "organization": "Oyonder",
    "ip_class": "Class D"
  },
  {
    "id": 4735,
    "first_name": "Ardeen",
    "last_name": "Jeff",
    "email": "ajeffke@qq.com",
    "gender": "Female",
    "ip_address": "233.18.197.136",
    "organization": "Tazz",
    "ip_class": "Class D"
  },
  {
    "id": 4754,
    "first_name": "Carlin",
    "last_name": "Swetland",
    "email": "cswetlandkx@1und1.de",
    "gender": "Male",
    "ip_address": "236.231.186.17",
    "organization": "Topiczoom",
    "ip_class": "Class D"
  },
  {
    "id": 4758,
    "first_name": "Bennett",
    "last_name": "Eyree",
    "email": "beyreel1@issuu.com",
    "gender": "Male",
    "ip_address": "239.254.200.163",
    "organization": "Blognation",
    "ip_class": "Class D"
  },
  {
    "id": 4769,
    "first_name": "Jillie",
    "last_name": "Corteis",
    "email": "jcorteislc@sakura.ne.jp",
    "gender": "Female",
    "ip_address": "226.97.183.202",
    "organization": "Avaveo",
    "ip_class": "Class D"
  },
  {
    "id": 4797,
    "first_name": "Bernice",
    "last_name": "Verrill",
    "email": "bverrillm4@bloomberg.com",
    "gender": "Female",
    "ip_address": "239.132.132.155",
    "organization": "Centimia",
    "ip_class": "Class D"
  },
  {
    "id": 4821,
    "first_name": "Miran",
    "last_name": "Cremer",
    "email": "mcremerms@godaddy.com",
    "gender": "Female",
    "ip_address": "234.126.186.11",
    "organization": "Tagpad",
    "ip_class": "Class D"
  },
  {
    "id": 4840,
    "first_name": "Renell",
    "last_name": "Aitken",
    "email": "raitkennb@canalblog.com",
    "gender": "Female",
    "ip_address": "232.17.253.101",
    "organization": "Thoughtbeat",
    "ip_class": "Class D"
  },
  {
    "id": 4843,
    "first_name": "Lara",
    "last_name": "Campagne",
    "email": "lcampagnene@prlog.org",
    "gender": "Female",
    "ip_address": "230.218.220.19",
    "organization": "Yodo",
    "ip_class": "Class D"
  },
  {
    "id": 4851,
    "first_name": "Darline",
    "last_name": "Mussard",
    "email": "dmussardnm@google.com.hk",
    "gender": "Female",
    "ip_address": "236.2.244.86",
    "organization": "Agivu",
    "ip_class": "Class D"
  },
  {
    "id": 4866,
    "first_name": "Chelsae",
    "last_name": "Lalonde",
    "email": "clalondeo1@friendfeed.com",
    "gender": "Polygender",
    "ip_address": "237.225.64.206",
    "organization": "Feedfire",
    "ip_class": "Class D"
  },
  {
    "id": 4891,
    "first_name": "Calv",
    "last_name": "Klebes",
    "email": "cklebesoq@hhs.gov",
    "gender": "Male",
    "ip_address": "232.235.201.242",
    "organization": "Photobug",
    "ip_class": "Class D"
  },
  {
    "id": 4896,
    "first_name": "Lilah",
    "last_name": "McCaghan",
    "email": "lmccaghanov@bbc.co.uk",
    "gender": "Female",
    "ip_address": "230.218.65.155",
    "organization": "Bluejam",
    "ip_class": "Class D"
  },
  {
    "id": 4907,
    "first_name": "Ad",
    "last_name": "Flanner",
    "email": "aflannerp6@marketwatch.com",
    "gender": "Male",
    "ip_address": "234.22.247.221",
    "organization": "Flipstorm",
    "ip_class": "Class D"
  },
  {
    "id": 4932,
    "first_name": "Jayme",
    "last_name": "Kadwallider",
    "email": "jkadwalliderpv@pen.io",
    "gender": "Female",
    "ip_address": "230.126.58.235",
    "organization": "Feedfish",
    "ip_class": "Class D"
  },
  {
    "id": 4956,
    "first_name": "Sinclair",
    "last_name": "Rosendall",
    "email": "srosendallqj@narod.ru",
    "gender": "Male",
    "ip_address": "231.46.201.30",
    "organization": "Jabbercube",
    "ip_class": "Class D"
  },
  {
    "id": 4966,
    "first_name": "Padraig",
    "last_name": "Cutbush",
    "email": "pcutbushqt@dion.ne.jp",
    "gender": "Male",
    "ip_address": "236.36.248.70",
    "organization": "Ntags",
    "ip_class": "Class D"
  }
]