[
  {
    "id": 2,
    "first_name": "Cori",
    "last_name": "Meletti",
    "email": "cmeletti1@dot.gov",
    "gender": "Male",
    "ip_address": "240.113.94.16",
    "organization": "Tazz",
    "ip_class": "Class E"
  },
  {
    "id": 10,
    "first_name": "Noel",
    "last_name": "Pickston",
    "email": "npickston9@forbes.com",
    "gender": "Male",
    "ip_address": "245.39.39.169",
    "organization": "Quimba",
    "ip_class": "Class E"
  },
  {
    "id": 14,
    "first_name": "Vittoria",
    "last_name": "Culleford",
    "email": "vcullefordd@ucsd.edu",
    "gender": "Female",
    "ip_address": "250.245.93.139",
    "organization": "Agivu",
    "ip_class": "Class E"
  },
  {
    "id": 27,
    "first_name": "Sebastien",
    "last_name": "Gartan",
    "email": "sgartanq@businesswire.com",
    "gender": "Male",
    "ip_address": "245.225.88.7",
    "organization": "Aimbu",
    "ip_class": "Class E"
  },
  {
    "id": 49,
    "first_name": "Tamra",
    "last_name": "Jenik",
    "email": "tjenik1c@nba.com",
    "gender": "Female",
    "ip_address": "250.11.115.120",
    "organization": "Twitterbridge",
    "ip_class": "Class E"
  },
  {
    "id": 67,
    "first_name": "Curtis",
    "last_name": "Juza",
    "email": "cjuza1u@ftc.gov",
    "gender": "Male",
    "ip_address": "243.34.125.13",
    "organization": "Mydeo",
    "ip_class": "Class E"
  },
  {
    "id": 80,
    "first_name": "Rosco",
    "last_name": "Milkin",
    "email": "rmilkin27@nasa.gov",
    "gender": "Male",
    "ip_address": "255.58.34.77",
    "organization": "Devpoint",
    "ip_class": "Class E"
  },
  {
    "id": 96,
    "first_name": "Suellen",
    "last_name": "Readie",
    "email": "sreadie2n@bizjournals.com",
    "gender": "Female",
    "ip_address": "252.0.97.1",
    "organization": "Lazz",
    "ip_class": "Class E"
  },
  {
    "id": 117,
    "first_name": "Karolina",
    "last_name": "Kennsley",
    "email": "kkennsley38@mapquest.com",
    "gender": "Agender",
    "ip_address": "254.125.110.51",
    "organization": "Jazzy",
    "ip_class": "Class E"
  },
  {
    "id": 127,
    "first_name": "Terrel",
    "last_name": "Heeran",
    "email": "theeran3i@spiegel.de",
    "gender": "Male",
    "ip_address": "241.22.115.129",
    "organization": "Skidoo",
    "ip_class": "Class E"
  },
  {
    "id": 130,
    "first_name": "Towny",
    "last_name": "Pamment",
    "email": "tpamment3l@rediff.com",
    "gender": "Male",
    "ip_address": "245.111.207.33",
    "organization": "Eimbee",
    "ip_class": "Class E"
  },
  {
    "id": 138,
    "first_name": "Blake",
    "last_name": "Undrell",
    "email": "bundrell3t@ocn.ne.jp",
    "gender": "Male",
    "ip_address": "252.47.7.119",
    "organization": "Aimbo",
    "ip_class": "Class E"
  },
  {
    "id": 161,
    "first_name": "Suzy",
    "last_name": "Quilkin",
    "email": "squilkin4g@seesaa.net",
    "gender": "Female",
    "ip_address": "252.165.217.174",
    "organization": "Blogtags",
    "ip_class": "Class E"
  },
  {
    "id": 166,
    "first_name": "Garwood",
    "last_name": "MacCaughan",
    "email": "gmaccaughan4l@aol.com",
    "gender": "Male",
    "ip_address": "246.128.243.201",
    "organization": "Roodel",
    "ip_class": "Class E"
  },
  {
    "id": 167,
    "first_name": "Josy",
    "last_name": "Giacomoni",
    "email": "jgiacomoni4m@shop-pro.jp",
    "gender": "Female",
    "ip_address": "246.98.249.124",
    "organization": "Chatterbridge",
    "ip_class": "Class E"
  },
  {
    "id": 175,
    "first_name": "Perren",
    "last_name": "Tolcharde",
    "email": "ptolcharde4u@hp.com",
    "gender": "Male",
    "ip_address": "244.96.194.235",
    "organization": "Youbridge",
    "ip_class": "Class E"
  },
  {
    "id": 178,
    "first_name": "Tammie",
    "last_name": "Lindeberg",
    "email": "tlindeberg4x@japanpost.jp",
    "gender": "Male",
    "ip_address": "244.135.165.163",
    "organization": "Avavee",
    "ip_class": "Class E"
  },
  {
    "id": 219,
    "first_name": "Shelia",
    "last_name": "Stickland",
    "email": "sstickland62@google.com.br",
    "gender": "Bigender",
    "ip_address": "255.117.143.119",
    "organization": "Brainbox",
    "ip_class": "Class E"
  },
  {
    "id": 229,
    "first_name": "Lu",
    "last_name": "Prise",
    "email": "lprise6c@theglobeandmail.com",
    "gender": "Female",
    "ip_address": "240.231.252.16",
    "organization": "Youopia",
    "ip_class": "Class E"
  },
  {
    "id": 233,
    "first_name": "Quintin",
    "last_name": "Impson",
    "email": "qimpson6g@soundcloud.com",
    "gender": "Male",
    "ip_address": "252.45.12.112",
    "organization": "LiveZ",
    "ip_class": "Class E"
  },
  {
    "id": 248,
    "first_name": "Sheppard",
    "last_name": "Cordelette",
    "email": "scordelette6v@howstuffworks.com",
    "gender": "Male",
    "ip_address": "241.135.205.126",
    "organization": "Avamba",
    "ip_class": "Class E"
  },
  {
    "id": 250,
    "first_name": "Milly",
    "last_name": "Arent",
    "email": "marent6x@unesco.org",
    "gender": "Female",
    "ip_address": "247.68.190.252",
    "organization": "Jatri",
    "ip_class": "Class E"
  },
  {
    "id": 263,
    "first_name": "Job",
    "last_name": "Lorenzetto",
    "email": "jlorenzetto7a@ihg.com",
    "gender": "Male",
    "ip_address": "242.226.77.62",
    "organization": "Linkbridge",
    "ip_class": "Class E"
  },
  {
    "id": 264,
    "first_name": "Ebeneser",
    "last_name": "MacAllan",
    "email": "emacallan7b@joomla.org",
    "gender": "Male",
    "ip_address": "254.187.190.157",
    "organization": "Fivebridge",
    "ip_class": "Class E"
  },
  {
    "id": 271,
    "first_name": "Freddie",
    "last_name": "Inchan",
    "email": "finchan7i@samsung.com",
    "gender": "Male",
    "ip_address": "253.34.35.50",
    "organization": "Ntags",
    "ip_class": "Class E"
  },
  {
    "id": 279,
    "first_name": "Gus",
    "last_name": "Lewer",
    "email": "glewer7q@hhs.gov",
    "gender": "Male",
    "ip_address": "255.93.4.204",
    "organization": "Centizu",
    "ip_class": "Class E"
  },
  {
    "id": 285,
    "first_name": "Thaddus",
    "last_name": "Dyott",
    "email": "tdyott7w@hatena.ne.jp",
    "gender": "Male",
    "ip_address": "255.199.248.73",
    "organization": "Pixonyx",
    "ip_class": "Class E"
  },
  {
    "id": 287,
    "first_name": "Clarie",
    "last_name": "Mearns",
    "email": "cmearns7y@nasa.gov",
    "gender": "Female",
    "ip_address": "251.215.195.51",
    "organization": "Centizu",
    "ip_class": "Class E"
  },
  {
    "id": 307,
    "first_name": "Teddie",
    "last_name": "Armin",
    "email": "tarmin8i@ox.ac.uk",
    "gender": "Female",
    "ip_address": "246.124.223.13",
    "organization": "Vipe",
    "ip_class": "Class E"
  },
  {
    "id": 313,
    "first_name": "Angie",
    "last_name": "Brabham",
    "email": "abrabham8o@ucoz.ru",
    "gender": "Male",
    "ip_address": "246.230.250.244",
    "organization": "Shuffledrive",
    "ip_class": "Class E"
  },
  {
    "id": 321,
    "first_name": "Gregoire",
    "last_name": "Teck",
    "email": "gteck8w@4shared.com",
    "gender": "Male",
    "ip_address": "248.110.63.142",
    "organization": "Wikivu",
    "ip_class": "Class E"
  },
  {
    "id": 340,
    "first_name": "Giordano",
    "last_name": "Vittore",
    "email": "gvittore9f@constantcontact.com",
    "gender": "Agender",
    "ip_address": "249.29.19.150",
    "organization": "Eayo",
    "ip_class": "Class E"
  },
  {
    "id": 360,
    "first_name": "Kincaid",
    "last_name": "Clemens",
    "email": "kclemens9z@zdnet.com",
    "gender": "Male",
    "ip_address": "247.223.114.179",
    "organization": "Rooxo",
    "ip_class": "Class E"
  },
  {
    "id": 381,
    "first_name": "Pearle",
    "last_name": "Mcimmie",
    "email": "pmcimmieak@ifeng.com",
    "gender": "Female",
    "ip_address": "250.149.151.104",
    "organization": "Skibox",
    "ip_class": "Class E"
  },
  {
    "id": 382,
    "first_name": "Worden",
    "last_name": "Skeemor",
    "email": "wskeemoral@facebook.com",
    "gender": "Male",
    "ip_address": "242.190.57.210",
    "organization": "Quire",
    "ip_class": "Class E"
  },
  {
    "id": 412,
    "first_name": "Salvatore",
    "last_name": "Vankin",
    "email": "svankinbf@etsy.com",
    "gender": "Bigender",
    "ip_address": "244.29.123.192",
    "organization": "Kayveo",
    "ip_class": "Class E"
  },
  {
    "id": 429,
    "first_name": "Tadeas",
    "last_name": "Grishagin",
    "email": "tgrishaginbw@simplemachines.org",
    "gender": "Male",
    "ip_address": "255.159.192.162",
    "organization": "Zazio",
    "ip_class": "Class E"
  },
  {
    "id": 441,
    "first_name": "Conny",
    "last_name": "Wistance",
    "email": "cwistancec8@bandcamp.com",
    "gender": "Male",
    "ip_address": "244.177.182.118",
    "organization": "Rhynyx",
    "ip_class": "Class E"
  },
  {
    "id": 451,
    "first_name": "Dukey",
    "last_name": "Danihelka",
    "email": "ddanihelkaci@prlog.org",
    "gender": "Male",
    "ip_address": "252.239.219.189",
    "organization": "Divape",
    "ip_class": "Class E"
  },
  {
    "id": 472,
    "first_name": "Maridel",
    "last_name": "Tithacott",
    "email": "mtithacottd3@csmonitor.com",
    "gender": "Female",
    "ip_address": "251.108.44.53",
    "organization": "Photospace",
    "ip_class": "Class E"
  },
  {
    "id": 482,
    "first_name": "Melonie",
    "last_name": "Wilder",
    "email": "mwilderdd@webeden.co.uk",
    "gender": "Female",
    "ip_address": "250.248.114.247",
    "organization": "Mymm",
    "ip_class": "Class E"
  },
  {
    "id": 513,
    "first_name": "Hanni",
    "last_name": "Leyes",
    "email": "hleyese8@posterous.com",
    "gender": "Female",
    "ip_address": "253.148.115.189",
    "organization": "Photojam",
    "ip_class": "Class E"
  },
  {
    "id": 520,
    "first_name": "Vonni",
    "last_name": "Maraga",
    "email": "vmaragaef@macromedia.com",
    "gender": "Bigender",
    "ip_address": "244.142.32.129",
    "organization": "Browsedrive",
    "ip_class": "Class E"
  },
  {
    "id": 557,
    "first_name": "Gabbey",
    "last_name": "Ledrun",
    "email": "gledrunfg@slate.com",
    "gender": "Female",
    "ip_address": "249.103.244.4",
    "organization": "Shuffletag",
    "ip_class": "Class E"
  },
  {
    "id": 568,
    "first_name": "El",
    "last_name": "Baughan",
    "email": "ebaughanfr@loc.gov",
    "gender": "Male",
    "ip_address": "250.174.42.71",
    "organization": "Rhyloo",
    "ip_class": "Class E"
  },
  {
    "id": 594,
    "first_name": "Gwen",
    "last_name": "Enderwick",
    "email": "genderwickgh@typepad.com",
    "gender": "Female",
    "ip_address": "246.206.116.48",
    "organization": "Jazzy",
    "ip_class": "Class E"
  },
  {
    "id": 596,
    "first_name": "Northrup",
    "last_name": "McCaffrey",
    "email": "nmccaffreygj@bandcamp.com",
    "gender": "Male",
    "ip_address": "255.173.242.67",
    "organization": "Feedfish",
    "ip_class": "Class E"
  },
  {
    "id": 605,
    "first_name": "Ikey",
    "last_name": "Ovenell",
    "email": "iovenellgs@google.de",
    "gender": "Male",
    "ip_address": "244.226.233.127",
    "organization": "Feedbug",
    "ip_class": "Class E"
  },
  {
    "id": 615,
    "first_name": "Charlena",
    "last_name": "Dailey",
    "email": "cdaileyh2@marriott.com",
    "gender": "Female",
    "ip_address": "253.219.216.156",
    "organization": "Yoveo",
    "ip_class": "Class E"
  },
  {
    "id": 619,
    "first_name": "Timmi",
    "last_name": "Jiroutek",
    "email": "tjiroutekh6@smh.com.au",
    "gender": "Female",
    "ip_address": "244.228.226.197",
    "organization": "Kayveo",
    "ip_class": "Class E"
  },
  {
    "id": 656,
    "first_name": "Mariellen",
    "last_name": "Inchboard",
    "email": "minchboardi7@globo.com",
    "gender": "Female",
    "ip_address": "253.81.221.175",
    "organization": "Feedspan",
    "ip_class": "Class E"
  },
  {
    "id": 711,
    "first_name": "Sapphire",
    "last_name": "Northover",
    "email": "snorthoverjq@chicagotribune.com",
    "gender": "Female",
    "ip_address": "252.232.190.26",
    "organization": "Voomm",
    "ip_class": "Class E"
  },
  {
    "id": 721,
    "first_name": "Del",
    "last_name": "Cordoba",
    "email": "dcordobak0@utexas.edu",
    "gender": "Female",
    "ip_address": "255.87.95.38",
    "organization": "Jabbercube",
    "ip_class": "Class E"
  },
  {
    "id": 734,
    "first_name": "Krysta",
    "last_name": "Rault",
    "email": "kraultkd@marriott.com",
    "gender": "Female",
    "ip_address": "251.212.146.91",
    "organization": "Edgewire",
    "ip_class": "Class E"
  },
  {
    "id": 746,
    "first_name": "Regina",
    "last_name": "Stegell",
    "email": "rstegellkp@smugmug.com",
    "gender": "Female",
    "ip_address": "251.122.240.211",
    "organization": "Gabvine",
    "ip_class": "Class E"
  },
  {
    "id": 765,
    "first_name": "Sean",
    "last_name": "Tackley",
    "email": "stackleyl8@yolasite.com",
    "gender": "Female",
    "ip_address": "244.41.226.153",
    "organization": "Topicware",
    "ip_class": "Class E"
  },
  {
    "id": 775,
    "first_name": "Rhiamon",
    "last_name": "Bentley",
    "email": "rbentleyli@vk.com",
    "gender": "Female",
    "ip_address": "252.196.166.30",
    "organization": "Oloo",
    "ip_class": "Class E"
  },
  {
    "id": 782,
    "first_name": "Laurella",
    "last_name": "Garces",
    "email": "lgarceslp@bizjournals.com",
    "gender": "Female",
    "ip_address": "249.158.161.192",
    "organization": "Realfire",
    "ip_class": "Class E"
  },
  {
    "id": 801,
    "first_name": "Marcellina",
    "last_name": "MacAlinden",
    "email": "mmacalindenm8@cmu.edu",
    "gender": "Female",
    "ip_address": "244.218.243.119",
    "organization": "Twitterbridge",
    "ip_class": "Class E"
  },
  {
    "id": 836,
    "first_name": "Gertrude",
    "last_name": "Crysell",
    "email": "gcryselln7@vimeo.com",
    "gender": "Female",
    "ip_address": "251.168.254.173",
    "organization": "Kwilith",
    "ip_class": "Class E"
  },
  {
    "id": 842,
    "first_name": "Kipp",
    "last_name": "Curro",
    "email": "kcurrond@ask.com",
    "gender": "Female",
    "ip_address": "241.31.125.160",
    "organization": "Quatz",
    "ip_class": "Class E"
  },
  {
    "id": 844,
    "first_name": "Erwin",
    "last_name": "Jelkes",
    "email": "ejelkesnf@rediff.com",
    "gender": "Male",
    "ip_address": "250.98.116.249",
    "organization": "Wikizz",
    "ip_class": "Class E"
  },
  {
    "id": 845,
    "first_name": "Alix",
    "last_name": "Rishman",
    "email": "arishmanng@topsy.com",
    "gender": "Female",
    "ip_address": "255.64.202.189",
    "organization": "Tazzy",
    "ip_class": "Class E"
  },
  {
    "id": 885,
    "first_name": "Torin",
    "last_name": "Mylan",
    "email": "tmylanok@wikimedia.org",
    "gender": "Male",
    "ip_address": "249.98.194.22",
    "organization": "Jaxbean",
    "ip_class": "Class E"
  },
  {
    "id": 891,
    "first_name": "Sarina",
    "last_name": "Duffer",
    "email": "sdufferoq@hatena.ne.jp",
    "gender": "Female",
    "ip_address": "245.106.253.55",
    "organization": "Edgeify",
    "ip_class": "Class E"
  },
  {
    "id": 905,
    "first_name": "Milty",
    "last_name": "Catlow",
    "email": "mcatlowp4@army.mil",
    "gender": "Genderfluid",
    "ip_address": "247.153.191.182",
    "organization": "Trilia",
    "ip_class": "Class E"
  },
  {
    "id": 910,
    "first_name": "Rona",
    "last_name": "Brudenell",
    "email": "rbrudenellp9@soup.io",
    "gender": "Female",
    "ip_address": "251.122.61.14",
    "organization": "Lazzy",
    "ip_class": "Class E"
  },
  {
    "id": 929,
    "first_name": "Mab",
    "last_name": "Gildersleaves",
    "email": "mgildersleavesps@sciencedaily.com",
    "gender": "Non-binary",
    "ip_address": "241.24.118.85",
    "organization": "Photospace",
    "ip_class": "Class E"
  },
  {
    "id": 933,
    "first_name": "Sheree",
    "last_name": "McVeagh",
    "email": "smcveaghpw@bbc.co.uk",
    "gender": "Female",
    "ip_address": "251.236.98.182",
    "organization": "Jetwire",
    "ip_class": "Class E"
  },
  {
    "id": 950,
    "first_name": "Barbabas",
    "last_name": "Lugden",
    "email": "blugdenqd@alexa.com",
    "gender": "Male",
    "ip_address": "252.237.251.20",
    "organization": "Zoombeat",
    "ip_class": "Class E"
  },
  {
    "id": 951,
    "first_name": "Jermayne",
    "last_name": "Eggleton",
    "email": "jeggletonqe@businesswire.com",
    "gender": "Male",
    "ip_address": "241.98.11.105",
    "organization": "Bubblebox",
    "ip_class": "Class E"
  },
  {
    "id": 964,
    "first_name": "Orelee",
    "last_name": "Wastling",
    "email": "owastlingqr@simplemachines.org",
    "gender": "Non-binary",
    "ip_address": "253.210.187.4",
    "organization": "Skalith",
    "ip_class": "Class E"
  },
  {
    "id": 992,
    "first_name": "Ezra",
    "last_name": "Bridgwater",
    "email": "ebridgwaterrj@deviantart.com",
    "gender": "Male",
    "ip_address": "254.10.224.181",
    "organization": "Edgepulse",
    "ip_class": "Class E"
  },
  {
    "id": 1036,
    "first_name": "Sky",
    "last_name": "Billam",
    "email": "sbillamz@cbc.ca",
    "gender": "Male",
    "ip_address": "253.108.151.43",
    "organization": "Vinder",
    "ip_class": "Class E"
  },
  {
    "id": 1037,
    "first_name": "Orv",
    "last_name": "Mazzei",
    "email": "omazzei10@gnu.org",
    "gender": "Male",
    "ip_address": "249.143.171.133",
    "organization": "Chatterpoint",
    "ip_class": "Class E"
  },
  {
    "id": 1069,
    "first_name": "Wyn",
    "last_name": "Stoyell",
    "email": "wstoyell1w@networksolutions.com",
    "gender": "Male",
    "ip_address": "251.58.26.71",
    "organization": "Browsetype",
    "ip_class": "Class E"
  },
  {
    "id": 1078,
    "first_name": "Heda",
    "last_name": "Heaney",
    "email": "hheaney25@smh.com.au",
    "gender": "Female",
    "ip_address": "243.196.49.55",
    "organization": "Dabvine",
    "ip_class": "Class E"
  },
  {
    "id": 1097,
    "first_name": "Noah",
    "last_name": "Hallatt",
    "email": "nhallatt2o@netscape.com",
    "gender": "Male",
    "ip_address": "247.227.232.192",
    "organization": "Skalith",
    "ip_class": "Class E"
  },
  {
    "id": 1121,
    "first_name": "Kathe",
    "last_name": "Wordesworth",
    "email": "kwordesworth3c@oracle.com",
    "gender": "Female",
    "ip_address": "248.51.236.57",
    "organization": "Gabvine",
    "ip_class": "Class E"
  },
  {
    "id": 1122,
    "first_name": "Drew",
    "last_name": "Lodge",
    "email": "dlodge3d@github.io",
    "gender": "Genderfluid",
    "ip_address": "250.166.80.3",
    "organization": "Skyndu",
    "ip_class": "Class E"
  },
  {
    "id": 1129,
    "first_name": "Ransell",
    "last_name": "Chasmor",
    "email": "rchasmor3k@storify.com",
    "gender": "Male",
    "ip_address": "246.55.178.86",
    "organization": "Zoomdog",
    "ip_class": "Class E"
  },
  {
    "id": 1146,
    "first_name": "Arielle",
    "last_name": "Droghan",
    "email": "adroghan41@ox.ac.uk",
    "gender": "Female",
    "ip_address": "248.223.74.7",
    "organization": "Cogidoo",
    "ip_class": "Class E"
  },
  {
    "id": 1157,
    "first_name": "Tarra",
    "last_name": "Mullins",
    "email": "tmullins4c@springer.com",
    "gender": "Female",
    "ip_address": "246.114.108.106",
    "organization": "Oloo",
    "ip_class": "Class E"
  },
  {
    "id": 1170,
    "first_name": "Nicholle",
    "last_name": "Shakesby",
    "email": "nshakesby4p@aboutads.info",
    "gender": "Female",
    "ip_address": "250.178.237.248",
    "organization": "Rooxo",
    "ip_class": "Class E"
  },
  {
    "id": 1172,
    "first_name": "Pietra",
    "last_name": "Pengilley",
    "email": "ppengilley4r@phoca.cz",
    "gender": "Female",
    "ip_address": "252.46.13.222",
    "organization": "Rhyzio",
    "ip_class": "Class E"
  },
  {
    "id": 1231,
    "first_name": "Berkley",
    "last_name": "Liles",
    "email": "bliles6e@zdnet.com",
    "gender": "Agender",
    "ip_address": "241.19.126.109",
    "organization": "Devpulse",
    "ip_class": "Class E"
  },
  {
    "id": 1245,
    "first_name": "Wat",
    "last_name": "Barmby",
    "email": "wbarmby6s@vimeo.com",
    "gender": "Male",
    "ip_address": "244.248.179.136",
    "organization": "Photobug",
    "ip_class": "Class E"
  },
  {
    "id": 1251,
    "first_name": "Lamont",
    "last_name": "De Mitri",
    "email": "ldemitri6y@jugem.jp",
    "gender": "Male",
    "ip_address": "253.40.101.118",
    "organization": "Tekfly",
    "ip_class": "Class E"
  },
  {
    "id": 1265,
    "first_name": "Rena",
    "last_name": "Hartshorne",
    "email": "rhartshorne7c@stanford.edu",
    "gender": "Female",
    "ip_address": "253.94.207.13",
    "organization": "Babblestorm",
    "ip_class": "Class E"
  },
  {
    "id": 1290,
    "first_name": "Ted",
    "last_name": "Raiment",
    "email": "traiment81@ox.ac.uk",
    "gender": "Female",
    "ip_address": "247.110.132.60",
    "organization": "Zoomcast",
    "ip_class": "Class E"
  },
  {
    "id": 1292,
    "first_name": "Waring",
    "last_name": "O'Skehan",
    "email": "woskehan83@newyorker.com",
    "gender": "Male",
    "ip_address": "253.250.186.25",
    "organization": "Dynabox",
    "ip_class": "Class E"
  },
  {
    "id": 1297,
    "first_name": "Michell",
    "last_name": "Ducket",
    "email": "mducket88@ask.com",
    "gender": "Agender",
    "ip_address": "244.246.201.180",
    "organization": "Twitternation",
    "ip_class": "Class E"
  },
  {
    "id": 1314,
    "first_name": "Cecelia",
    "last_name": "Polglase",
    "email": "cpolglase8p@dell.com",
    "gender": "Female",
    "ip_address": "250.52.68.41",
    "organization": "Blogtag",
    "ip_class": "Class E"
  },
  {
    "id": 1333,
    "first_name": "Phil",
    "last_name": "Spraggs",
    "email": "pspraggs98@wired.com",
    "gender": "Female",
    "ip_address": "249.254.113.7",
    "organization": "Muxo",
    "ip_class": "Class E"
  },
  {
    "id": 1382,
    "first_name": "Franklin",
    "last_name": "Beadle",
    "email": "fbeadleal@dailymail.co.uk",
    "gender": "Male",
    "ip_address": "251.36.103.206",
    "organization": "Realpoint",
    "ip_class": "Class E"
  },
  {
    "id": 1423,
    "first_name": "Jerrylee",
    "last_name": "Oughtright",
    "email": "joughtrightbq@usa.gov",
    "gender": "Female",
    "ip_address": "240.170.165.122",
    "organization": "Avamm",
    "ip_class": "Class E"
  },
  {
    "id": 1433,
    "first_name": "Doyle",
    "last_name": "Gatward",
    "email": "dgatwardc0@elegantthemes.com",
    "gender": "Genderqueer",
    "ip_address": "251.200.245.72",
    "organization": "Edgeblab",
    "ip_class": "Class E"
  },
  {
    "id": 1453,
    "first_name": "Jerrie",
    "last_name": "Osboldstone",
    "email": "josboldstoneck@wufoo.com",
    "gender": "Female",
    "ip_address": "245.224.63.17",
    "organization": "InnoZ",
    "ip_class": "Class E"
  },
  {
    "id": 1470,
    "first_name": "Nicol",
    "last_name": "Mattin",
    "email": "nmattind1@vimeo.com",
    "gender": "Female",
    "ip_address": "251.60.148.111",
    "organization": "Yotz",
    "ip_class": "Class E"
  },
  {
    "id": 1491,
    "first_name": "Rodi",
    "last_name": "Priestman",
    "email": "rpriestmandm@gizmodo.com",
    "gender": "Female",
    "ip_address": "247.214.215.207",
    "organization": "Browsetype",
    "ip_class": "Class E"
  },
  {
    "id": 1497,
    "first_name": "Shep",
    "last_name": "Thyer",
    "email": "sthyerds@independent.co.uk",
    "gender": "Genderqueer",
    "ip_address": "248.149.107.18",
    "organization": "Lazz",
    "ip_class": "Class E"
  },
  {
    "id": 1503,
    "first_name": "Mei",
    "last_name": "Fotitt",
    "email": "mfotittdy@webmd.com",
    "gender": "Female",
    "ip_address": "243.73.6.251",
    "organization": "Zoomlounge",
    "ip_class": "Class E"
  },
  {
    "id": 1522,
    "first_name": "Dominga",
    "last_name": "Towsie",
    "email": "dtowsieeh@over-blog.com",
    "gender": "Genderqueer",
    "ip_address": "255.119.132.78",
    "organization": "Thoughtstorm",
    "ip_class": "Class E"
  },
  {
    "id": 1538,
    "first_name": "Anne",
    "last_name": "Blindmann",
    "email": "ablindmannex@shutterfly.com",
    "gender": "Female",
    "ip_address": "243.67.94.158",
    "organization": "Thoughtworks",
    "ip_class": "Class E"
  },
  {
    "id": 1550,
    "first_name": "Muhammad",
    "last_name": "Gamell",
    "email": "mgamellf9@oaic.gov.au",
    "gender": "Male",
    "ip_address": "249.55.146.44",
    "organization": "Gigaclub",
    "ip_class": "Class E"
  },
  {
    "id": 1566,
    "first_name": "Raffarty",
    "last_name": "Chaundy",
    "email": "rchaundyfp@macromedia.com",
    "gender": "Genderqueer",
    "ip_address": "253.40.96.214",
    "organization": "Youfeed",
    "ip_class": "Class E"
  },
  {
    "id": 1573,
    "first_name": "Perrine",
    "last_name": "Hoult",
    "email": "phoultfw@oaic.gov.au",
    "gender": "Female",
    "ip_address": "252.118.148.237",
    "organization": "Rooxo",
    "ip_class": "Class E"
  },
  {
    "id": 1586,
    "first_name": "Phedra",
    "last_name": "Golsthorp",
    "email": "pgolsthorpg9@blogspot.com",
    "gender": "Female",
    "ip_address": "251.72.193.122",
    "organization": "Devpulse",
    "ip_class": "Class E"
  },
  {
    "id": 1598,
    "first_name": "Trixie",
    "last_name": "Howsego",
    "email": "thowsegogl@dagondesign.com",
    "gender": "Female",
    "ip_address": "249.84.71.128",
    "organization": "Twiyo",
    "ip_class": "Class E"
  },
  {
    "id": 1615,
    "first_name": "Loraine",
    "last_name": "Bundy",
    "email": "lbundyh2@discuz.net",
    "gender": "Female",
    "ip_address": "252.139.89.12",
    "organization": "Jetpulse",
    "ip_class": "Class E"
  },
  {
    "id": 1623,
    "first_name": "Sheba",
    "last_name": "Yeldon",
    "email": "syeldonha@ycombinator.com",
    "gender": "Female",
    "ip_address": "249.15.160.131",
    "organization": "Meeveo",
    "ip_class": "Class E"
  },
  {
    "id": 1625,
    "first_name": "Colby",
    "last_name": "Strain",
    "email": "cstrainhc@themeforest.net",
    "gender": "Male",
    "ip_address": "254.190.211.203",
    "organization": "Lajo",
    "ip_class": "Class E"
  },
  {
    "id": 1631,
    "first_name": "Carmela",
    "last_name": "Graffham",
    "email": "cgraffhamhi@aol.com",
    "gender": "Female",
    "ip_address": "249.87.168.217",
    "organization": "Leexo",
    "ip_class": "Class E"
  },
  {
    "id": 1650,
    "first_name": "Balduin",
    "last_name": "Schruur",
    "email": "bschruuri1@indiatimes.com",
    "gender": "Male",
    "ip_address": "243.32.45.134",
    "organization": "Yodel",
    "ip_class": "Class E"
  },
  {
    "id": 1680,
    "first_name": "Maryanne",
    "last_name": "Dorrance",
    "email": "mdorranceiv@dell.com",
    "gender": "Female",
    "ip_address": "252.137.120.114",
    "organization": "Jaxbean",
    "ip_class": "Class E"
  },
  {
    "id": 1682,
    "first_name": "Terrijo",
    "last_name": "Maydwell",
    "email": "tmaydwellix@printfriendly.com",
    "gender": "Female",
    "ip_address": "249.45.146.101",
    "organization": "Quatz",
    "ip_class": "Class E"
  },
  {
    "id": 1684,
    "first_name": "Janela",
    "last_name": "Tumelty",
    "email": "jtumeltyiz@sfgate.com",
    "gender": "Female",
    "ip_address": "247.73.164.109",
    "organization": "Roombo",
    "ip_class": "Class E"
  },
  {
    "id": 1695,
    "first_name": "Horst",
    "last_name": "MacIlraith",
    "email": "hmacilraithja@people.com.cn",
    "gender": "Male",
    "ip_address": "240.90.187.73",
    "organization": "Quire",
    "ip_class": "Class E"
  },
  {
    "id": 1700,
    "first_name": "Juan",
    "last_name": "Canham",
    "email": "jcanhamjf@creativecommons.org",
    "gender": "Male",
    "ip_address": "247.61.78.215",
    "organization": "Riffpath",
    "ip_class": "Class E"
  },
  {
    "id": 1729,
    "first_name": "Timofei",
    "last_name": "Di Franceshci",
    "email": "tdifranceshcik8@wp.com",
    "gender": "Male",
    "ip_address": "255.191.166.99",
    "organization": "Kwimbee",
    "ip_class": "Class E"
  },
  {
    "id": 1732,
    "first_name": "Cloris",
    "last_name": "Dunkinson",
    "email": "cdunkinsonkb@engadget.com",
    "gender": "Female",
    "ip_address": "247.83.237.167",
    "organization": "Npath",
    "ip_class": "Class E"
  },
  {
    "id": 1734,
    "first_name": "Averil",
    "last_name": "Demangeon",
    "email": "ademangeonkd@about.me",
    "gender": "Agender",
    "ip_address": "249.206.246.79",
    "organization": "Devify",
    "ip_class": "Class E"
  },
  {
    "id": 1745,
    "first_name": "Timofei",
    "last_name": "Carlick",
    "email": "tcarlickko@zdnet.com",
    "gender": "Male",
    "ip_address": "254.191.93.31",
    "organization": "Blogspan",
    "ip_class": "Class E"
  },
  {
    "id": 1759,
    "first_name": "Orella",
    "last_name": "Langley",
    "email": "olangleyl2@oakley.com",
    "gender": "Female",
    "ip_address": "255.60.252.143",
    "organization": "Oyondu",
    "ip_class": "Class E"
  },
  {
    "id": 1804,
    "first_name": "Rollin",
    "last_name": "New",
    "email": "rnewmb@hibu.com",
    "gender": "Male",
    "ip_address": "251.100.179.71",
    "organization": "Mynte",
    "ip_class": "Class E"
  },
  {
    "id": 1807,
    "first_name": "Patty",
    "last_name": "Quigley",
    "email": "pquigleyme@imageshack.us",
    "gender": "Male",
    "ip_address": "240.84.248.200",
    "organization": "Divape",
    "ip_class": "Class E"
  },
  {
    "id": 1825,
    "first_name": "Madelle",
    "last_name": "Dudhill",
    "email": "mdudhillmw@wisc.edu",
    "gender": "Female",
    "ip_address": "246.89.79.80",
    "organization": "Quamba",
    "ip_class": "Class E"
  },
  {
    "id": 1841,
    "first_name": "Dalston",
    "last_name": "Phibb",
    "email": "dphibbnc@cbsnews.com",
    "gender": "Male",
    "ip_address": "244.136.18.77",
    "organization": "Brightdog",
    "ip_class": "Class E"
  },
  {
    "id": 1858,
    "first_name": "Sigvard",
    "last_name": "Ingarfill",
    "email": "singarfillnt@comcast.net",
    "gender": "Male",
    "ip_address": "255.116.16.131",
    "organization": "Edgetag",
    "ip_class": "Class E"
  },
  {
    "id": 1889,
    "first_name": "Zsazsa",
    "last_name": "Yong",
    "email": "zyongoo@blogtalkradio.com",
    "gender": "Genderqueer",
    "ip_address": "254.18.227.44",
    "organization": "Quimm",
    "ip_class": "Class E"
  },
  {
    "id": 1919,
    "first_name": "Quillan",
    "last_name": "Bouda",
    "email": "qboudapi@washingtonpost.com",
    "gender": "Male",
    "ip_address": "254.11.197.164",
    "organization": "Skippad",
    "ip_class": "Class E"
  },
  {
    "id": 1928,
    "first_name": "Vito",
    "last_name": "Templar",
    "email": "vtemplarpr@ustream.tv",
    "gender": "Male",
    "ip_address": "249.156.184.134",
    "organization": "Divanoodle",
    "ip_class": "Class E"
  },
  {
    "id": 1966,
    "first_name": "Albertine",
    "last_name": "Schall",
    "email": "aschallqt@homestead.com",
    "gender": "Genderqueer",
    "ip_address": "252.172.207.153",
    "organization": "Innotype",
    "ip_class": "Class E"
  },
  {
    "id": 1973,
    "first_name": "Fowler",
    "last_name": "Mewitt",
    "email": "fmewittr0@istockphoto.com",
    "gender": "Male",
    "ip_address": "244.118.0.240",
    "organization": "Realpoint",
    "ip_class": "Class E"
  },
  {
    "id": 1985,
    "first_name": "Gaston",
    "last_name": "Cusick",
    "email": "gcusickrc@china.com.cn",
    "gender": "Male",
    "ip_address": "243.215.36.122",
    "organization": "Feedfire",
    "ip_class": "Class E"
  },
  {
    "id": 1986,
    "first_name": "Irwin",
    "last_name": "Jaxon",
    "email": "ijaxonrd@purevolume.com",
    "gender": "Male",
    "ip_address": "255.49.40.165",
    "organization": "Photojam",
    "ip_class": "Class E"
  },
  {
    "id": 2020,
    "first_name": "Anne-marie",
    "last_name": "Pinching",
    "email": "apinchingj@rakuten.co.jp",
    "gender": "Genderqueer",
    "ip_address": "249.16.250.95",
    "organization": "Myworks",
    "ip_class": "Class E"
  },
  {
    "id": 2029,
    "first_name": "Royce",
    "last_name": "Henmarsh",
    "email": "rhenmarshs@shop-pro.jp",
    "gender": "Agender",
    "ip_address": "245.144.248.100",
    "organization": "Topdrive",
    "ip_class": "Class E"
  },
  {
    "id": 2054,
    "first_name": "Enrica",
    "last_name": "Stodart",
    "email": "estodart1h@forbes.com",
    "gender": "Female",
    "ip_address": "246.196.61.75",
    "organization": "Camido",
    "ip_class": "Class E"
  },
  {
    "id": 2072,
    "first_name": "Weylin",
    "last_name": "Okill",
    "email": "wokill1z@sitemeter.com",
    "gender": "Male",
    "ip_address": "252.122.110.250",
    "organization": "Youspan",
    "ip_class": "Class E"
  },
  {
    "id": 2111,
    "first_name": "Dunc",
    "last_name": "Kegley",
    "email": "dkegley32@cdbaby.com",
    "gender": "Genderqueer",
    "ip_address": "253.138.235.107",
    "organization": "Dabjam",
    "ip_class": "Class E"
  },
  {
    "id": 2113,
    "first_name": "Cly",
    "last_name": "Murrell",
    "email": "cmurrell34@t-online.de",
    "gender": "Male",
    "ip_address": "247.77.154.118",
    "organization": "Vitz",
    "ip_class": "Class E"
  },
  {
    "id": 2126,
    "first_name": "Zollie",
    "last_name": "Rigge",
    "email": "zrigge3h@sciencedirect.com",
    "gender": "Male",
    "ip_address": "250.185.29.72",
    "organization": "Demimbu",
    "ip_class": "Class E"
  },
  {
    "id": 2140,
    "first_name": "Freeman",
    "last_name": "Bloy",
    "email": "fbloy3v@youku.com",
    "gender": "Male",
    "ip_address": "245.135.49.185",
    "organization": "Eire",
    "ip_class": "Class E"
  },
  {
    "id": 2144,
    "first_name": "Prince",
    "last_name": "Tattam",
    "email": "ptattam3z@samsung.com",
    "gender": "Male",
    "ip_address": "249.49.146.48",
    "organization": "Oyonder",
    "ip_class": "Class E"
  },
  {
    "id": 2151,
    "first_name": "Austin",
    "last_name": "Vaney",
    "email": "avaney46@squarespace.com",
    "gender": "Female",
    "ip_address": "240.7.185.229",
    "organization": "Zoombeat",
    "ip_class": "Class E"
  },
  {
    "id": 2172,
    "first_name": "Marinna",
    "last_name": "Gurney",
    "email": "mgurney4r@comsenz.com",
    "gender": "Female",
    "ip_address": "248.234.4.90",
    "organization": "Youspan",
    "ip_class": "Class E"
  },
  {
    "id": 2193,
    "first_name": "Joan",
    "last_name": "Renshaw",
    "email": "jrenshaw5c@jimdo.com",
    "gender": "Female",
    "ip_address": "254.124.149.234",
    "organization": "Zoonoodle",
    "ip_class": "Class E"
  },
  {
    "id": 2204,
    "first_name": "Dolf",
    "last_name": "Wiburn",
    "email": "dwiburn5n@360.cn",
    "gender": "Male",
    "ip_address": "255.63.30.249",
    "organization": "Quinu",
    "ip_class": "Class E"
  },
  {
    "id": 2210,
    "first_name": "Stevy",
    "last_name": "Iannazzi",
    "email": "siannazzi5t@de.vu",
    "gender": "Male",
    "ip_address": "245.190.104.90",
    "organization": "Oyondu",
    "ip_class": "Class E"
  },
  {
    "id": 2214,
    "first_name": "Branden",
    "last_name": "Alton",
    "email": "balton5x@vk.com",
    "gender": "Male",
    "ip_address": "245.10.104.233",
    "organization": "Talane",
    "ip_class": "Class E"
  },
  {
    "id": 2227,
    "first_name": "Caesar",
    "last_name": "Grigolon",
    "email": "cgrigolon6a@youtu.be",
    "gender": "Male",
    "ip_address": "248.170.45.100",
    "organization": "Ainyx",
    "ip_class": "Class E"
  },
  {
    "id": 2294,
    "first_name": "Emanuel",
    "last_name": "Langshaw",
    "email": "elangshaw85@wikipedia.org",
    "gender": "Male",
    "ip_address": "248.127.74.12",
    "organization": "Gigabox",
    "ip_class": "Class E"
  },
  {
    "id": 2298,
    "first_name": "Wrennie",
    "last_name": "De Ortega",
    "email": "wdeortega89@a8.net",
    "gender": "Female",
    "ip_address": "251.49.28.57",
    "organization": "Trunyx",
    "ip_class": "Class E"
  },
  {
    "id": 2316,
    "first_name": "Godfry",
    "last_name": "Billie",
    "email": "gbillie8r@phpbb.com",
    "gender": "Male",
    "ip_address": "243.125.80.170",
    "organization": "Quatz",
    "ip_class": "Class E"
  },
  {
    "id": 2318,
    "first_name": "Lucretia",
    "last_name": "Roark",
    "email": "lroark8t@yellowpages.com",
    "gender": "Genderfluid",
    "ip_address": "243.122.128.98",
    "organization": "Gabtype",
    "ip_class": "Class E"
  },
  {
    "id": 2330,
    "first_name": "Alayne",
    "last_name": "Wankel",
    "email": "awankel95@ameblo.jp",
    "gender": "Female",
    "ip_address": "240.151.221.189",
    "organization": "Meembee",
    "ip_class": "Class E"
  },
  {
    "id": 2365,
    "first_name": "Dulcine",
    "last_name": "Maundrell",
    "email": "dmaundrella4@chron.com",
    "gender": "Female",
    "ip_address": "252.222.189.0",
    "organization": "Meedoo",
    "ip_class": "Class E"
  },
  {
    "id": 2372,
    "first_name": "Linc",
    "last_name": "McCreary",
    "email": "lmccrearyab@purevolume.com",
    "gender": "Male",
    "ip_address": "244.119.99.247",
    "organization": "Jazzy",
    "ip_class": "Class E"
  },
  {
    "id": 2380,
    "first_name": "Cynthia",
    "last_name": "Howorth",
    "email": "choworthaj@dot.gov",
    "gender": "Female",
    "ip_address": "255.2.145.87",
    "organization": "Wordpedia",
    "ip_class": "Class E"
  },
  {
    "id": 2395,
    "first_name": "Wyn",
    "last_name": "Nolot",
    "email": "wnolotay@washingtonpost.com",
    "gender": "Male",
    "ip_address": "248.175.128.192",
    "organization": "Thoughtbeat",
    "ip_class": "Class E"
  },
  {
    "id": 2404,
    "first_name": "Vanya",
    "last_name": "Ginni",
    "email": "vginnib7@tmall.com",
    "gender": "Female",
    "ip_address": "250.189.157.122",
    "organization": "Topicware",
    "ip_class": "Class E"
  },
  {
    "id": 2408,
    "first_name": "Carlina",
    "last_name": "Pealing",
    "email": "cpealingbb@webnode.com",
    "gender": "Female",
    "ip_address": "240.6.41.255",
    "organization": "Wikibox",
    "ip_class": "Class E"
  },
  {
    "id": 2410,
    "first_name": "Clevie",
    "last_name": "Kelsell",
    "email": "ckelsellbd@soundcloud.com",
    "gender": "Male",
    "ip_address": "242.142.127.30",
    "organization": "Oyoloo",
    "ip_class": "Class E"
  },
  {
    "id": 2439,
    "first_name": "Urson",
    "last_name": "Antonetti",
    "email": "uantonettic6@posterous.com",
    "gender": "Male",
    "ip_address": "248.236.12.142",
    "organization": "Rhybox",
    "ip_class": "Class E"
  },
  {
    "id": 2459,
    "first_name": "Wald",
    "last_name": "Burwin",
    "email": "wburwincq@mapquest.com",
    "gender": "Male",
    "ip_address": "248.246.74.9",
    "organization": "Skyba",
    "ip_class": "Class E"
  },
  {
    "id": 2462,
    "first_name": "Clement",
    "last_name": "Louder",
    "email": "clouderct@ezinearticles.com",
    "gender": "Male",
    "ip_address": "247.93.110.236",
    "organization": "Shuffletag",
    "ip_class": "Class E"
  },
  {
    "id": 2479,
    "first_name": "Gregory",
    "last_name": "Barthod",
    "email": "gbarthodda@topsy.com",
    "gender": "Male",
    "ip_address": "253.19.137.110",
    "organization": "Youfeed",
    "ip_class": "Class E"
  },
  {
    "id": 2493,
    "first_name": "Nolie",
    "last_name": "Kingwell",
    "email": "nkingwelldo@ebay.co.uk",
    "gender": "Female",
    "ip_address": "249.125.181.179",
    "organization": "Tagopia",
    "ip_class": "Class E"
  },
  {
    "id": 2498,
    "first_name": "Benson",
    "last_name": "Kibel",
    "email": "bkibeldt@mit.edu",
    "gender": "Male",
    "ip_address": "252.250.230.232",
    "organization": "Bubbletube",
    "ip_class": "Class E"
  },
  {
    "id": 2508,
    "first_name": "Pierrette",
    "last_name": "Balsillie",
    "email": "pbalsilliee3@delicious.com",
    "gender": "Female",
    "ip_address": "243.228.79.114",
    "organization": "Skyndu",
    "ip_class": "Class E"
  },
  {
    "id": 2535,
    "first_name": "April",
    "last_name": "Allison",
    "email": "aallisoneu@netvibes.com",
    "gender": "Female",
    "ip_address": "245.18.113.233",
    "organization": "Jayo",
    "ip_class": "Class E"
  },
  {
    "id": 2547,
    "first_name": "Tod",
    "last_name": "Aylen",
    "email": "taylenf6@vimeo.com",
    "gender": "Male",
    "ip_address": "245.172.100.92",
    "organization": "Photobug",
    "ip_class": "Class E"
  },
  {
    "id": 2558,
    "first_name": "Crichton",
    "last_name": "Worsnip",
    "email": "cworsnipfh@altervista.org",
    "gender": "Male",
    "ip_address": "241.249.30.121",
    "organization": "Oloo",
    "ip_class": "Class E"
  },
  {
    "id": 2563,
    "first_name": "Ardeen",
    "last_name": "Eadmeades",
    "email": "aeadmeadesfm@sina.com.cn",
    "gender": "Female",
    "ip_address": "243.100.229.8",
    "organization": "Avamm",
    "ip_class": "Class E"
  },
  {
    "id": 2573,
    "first_name": "Baudoin",
    "last_name": "Julyan",
    "email": "bjulyanfw@elpais.com",
    "gender": "Male",
    "ip_address": "254.1.72.11",
    "organization": "Npath",
    "ip_class": "Class E"
  },
  {
    "id": 2583,
    "first_name": "Blaire",
    "last_name": "Bushell",
    "email": "bbushellg6@w3.org",
    "gender": "Female",
    "ip_address": "243.125.44.89",
    "organization": "Tagfeed",
    "ip_class": "Class E"
  },
  {
    "id": 2621,
    "first_name": "Barrie",
    "last_name": "Drewet",
    "email": "bdreweth8@cmu.edu",
    "gender": "Female",
    "ip_address": "243.141.35.121",
    "organization": "Buzzster",
    "ip_class": "Class E"
  },
  {
    "id": 2642,
    "first_name": "Alexei",
    "last_name": "Cheers",
    "email": "acheersht@blinklist.com",
    "gender": "Agender",
    "ip_address": "243.243.110.15",
    "organization": "Reallinks",
    "ip_class": "Class E"
  },
  {
    "id": 2646,
    "first_name": "Rosemaria",
    "last_name": "Ainsby",
    "email": "rainsbyhx@webeden.co.uk",
    "gender": "Female",
    "ip_address": "253.40.208.75",
    "organization": "Realbridge",
    "ip_class": "Class E"
  },
  {
    "id": 2668,
    "first_name": "Josy",
    "last_name": "Banaszkiewicz",
    "email": "jbanaszkiewiczij@feedburner.com",
    "gender": "Female",
    "ip_address": "243.4.51.37",
    "organization": "Quire",
    "ip_class": "Class E"
  },
  {
    "id": 2677,
    "first_name": "Kippar",
    "last_name": "Life",
    "email": "klifeis@google.cn",
    "gender": "Male",
    "ip_address": "255.192.100.29",
    "organization": "Yadel",
    "ip_class": "Class E"
  },
  {
    "id": 2698,
    "first_name": "Meggie",
    "last_name": "Collick",
    "email": "mcollickjd@diigo.com",
    "gender": "Female",
    "ip_address": "250.247.97.235",
    "organization": "Jabbersphere",
    "ip_class": "Class E"
  },
  {
    "id": 2708,
    "first_name": "Bebe",
    "last_name": "Watmore",
    "email": "bwatmorejn@icio.us",
    "gender": "Female",
    "ip_address": "252.98.115.176",
    "organization": "Jabbertype",
    "ip_class": "Class E"
  },
  {
    "id": 2741,
    "first_name": "Jonathan",
    "last_name": "Hamfleet",
    "email": "jhamfleetkk@google.cn",
    "gender": "Male",
    "ip_address": "253.198.171.1",
    "organization": "Roomm",
    "ip_class": "Class E"
  },
  {
    "id": 2753,
    "first_name": "Aurel",
    "last_name": "Kenward",
    "email": "akenwardkw@imageshack.us",
    "gender": "Female",
    "ip_address": "247.8.255.214",
    "organization": "Mydeo",
    "ip_class": "Class E"
  },
  {
    "id": 2759,
    "first_name": "Ashbey",
    "last_name": "Churching",
    "email": "achurchingl2@usatoday.com",
    "gender": "Male",
    "ip_address": "243.35.140.30",
    "organization": "Skyba",
    "ip_class": "Class E"
  },
  {
    "id": 2762,
    "first_name": "Angie",
    "last_name": "Grunwall",
    "email": "agrunwalll5@e-recht24.de",
    "gender": "Female",
    "ip_address": "255.118.32.146",
    "organization": "Twitterwire",
    "ip_class": "Class E"
  },
  {
    "id": 2807,
    "first_name": "Anabal",
    "last_name": "Truce",
    "email": "atruceme@google.cn",
    "gender": "Female",
    "ip_address": "249.226.126.251",
    "organization": "Yakijo",
    "ip_class": "Class E"
  },
  {
    "id": 2811,
    "first_name": "Cynthea",
    "last_name": "Nisuis",
    "email": "cnisuismi@state.gov",
    "gender": "Female",
    "ip_address": "255.79.216.159",
    "organization": "Skyble",
    "ip_class": "Class E"
  },
  {
    "id": 2820,
    "first_name": "Rosabelle",
    "last_name": "MacNeely",
    "email": "rmacneelymr@weather.com",
    "gender": "Female",
    "ip_address": "252.231.122.45",
    "organization": "Realfire",
    "ip_class": "Class E"
  },
  {
    "id": 2821,
    "first_name": "Vivien",
    "last_name": "Ivanishin",
    "email": "vivanishinms@blogger.com",
    "gender": "Female",
    "ip_address": "255.179.42.223",
    "organization": "Izio",
    "ip_class": "Class E"
  },
  {
    "id": 2829,
    "first_name": "Harp",
    "last_name": "Payn",
    "email": "hpaynn0@list-manage.com",
    "gender": "Male",
    "ip_address": "245.6.217.171",
    "organization": "Browsecat",
    "ip_class": "Class E"
  },
  {
    "id": 2845,
    "first_name": "Jacobo",
    "last_name": "Layne",
    "email": "jlayneng@sogou.com",
    "gender": "Male",
    "ip_address": "240.232.134.169",
    "organization": "Babbleset",
    "ip_class": "Class E"
  },
  {
    "id": 2881,
    "first_name": "Killie",
    "last_name": "Burnsides",
    "email": "kburnsidesog@com.com",
    "gender": "Male",
    "ip_address": "255.129.139.214",
    "organization": "Jaloo",
    "ip_class": "Class E"
  },
  {
    "id": 2886,
    "first_name": "Beilul",
    "last_name": "Scaplehorn",
    "email": "bscaplehornol@netscape.com",
    "gender": "Female",
    "ip_address": "241.191.175.229",
    "organization": "Kwimbee",
    "ip_class": "Class E"
  },
  {
    "id": 2888,
    "first_name": "Anatol",
    "last_name": "Marflitt",
    "email": "amarflitton@elegantthemes.com",
    "gender": "Male",
    "ip_address": "242.74.83.247",
    "organization": "Skilith",
    "ip_class": "Class E"
  },
  {
    "id": 2907,
    "first_name": "Rodolph",
    "last_name": "Ilewicz",
    "email": "rilewiczp6@dropbox.com",
    "gender": "Male",
    "ip_address": "251.248.119.114",
    "organization": "Flipopia",
    "ip_class": "Class E"
  },
  {
    "id": 2910,
    "first_name": "Abdul",
    "last_name": "Kimble",
    "email": "akimblep9@blinklist.com",
    "gender": "Male",
    "ip_address": "253.205.196.166",
    "organization": "Yombu",
    "ip_class": "Class E"
  },
  {
    "id": 2936,
    "first_name": "Heda",
    "last_name": "Dionisi",
    "email": "hdionisipz@tiny.cc",
    "gender": "Female",
    "ip_address": "249.189.75.4",
    "organization": "Voonix",
    "ip_class": "Class E"
  },
  {
    "id": 2943,
    "first_name": "Ricoriki",
    "last_name": "Wurst",
    "email": "rwurstq6@xinhuanet.com",
    "gender": "Male",
    "ip_address": "251.2.207.58",
    "organization": "Twinte",
    "ip_class": "Class E"
  },
  {
    "id": 2949,
    "first_name": "Thaine",
    "last_name": "Dowderswell",
    "email": "tdowderswellqc@who.int",
    "gender": "Male",
    "ip_address": "247.206.153.244",
    "organization": "Fliptune",
    "ip_class": "Class E"
  },
  {
    "id": 2969,
    "first_name": "Janette",
    "last_name": "Glander",
    "email": "jglanderqw@delicious.com",
    "gender": "Female",
    "ip_address": "244.207.104.214",
    "organization": "Kwideo",
    "ip_class": "Class E"
  },
  {
    "id": 3012,
    "first_name": "Nehemiah",
    "last_name": "Yurkov",
    "email": "nyurkovb@springer.com",
    "gender": "Male",
    "ip_address": "250.181.237.102",
    "organization": "Flashpoint",
    "ip_class": "Class E"
  },
  {
    "id": 3017,
    "first_name": "Steffane",
    "last_name": "Bolsover",
    "email": "sbolsoverg@usa.gov",
    "gender": "Female",
    "ip_address": "248.23.63.222",
    "organization": "Katz",
    "ip_class": "Class E"
  },
  {
    "id": 3020,
    "first_name": "Kessia",
    "last_name": "Checo",
    "email": "kchecoj@unesco.org",
    "gender": "Female",
    "ip_address": "252.20.149.195",
    "organization": "Zazio",
    "ip_class": "Class E"
  },
  {
    "id": 3056,
    "first_name": "Waldon",
    "last_name": "Tankin",
    "email": "wtankin1j@tmall.com",
    "gender": "Male",
    "ip_address": "253.220.210.191",
    "organization": "Trudeo",
    "ip_class": "Class E"
  },
  {
    "id": 3070,
    "first_name": "Tracy",
    "last_name": "Borzoni",
    "email": "tborzoni1x@telegraph.co.uk",
    "gender": "Male",
    "ip_address": "253.98.69.35",
    "organization": "Myworks",
    "ip_class": "Class E"
  },
  {
    "id": 3089,
    "first_name": "Griff",
    "last_name": "Yateman",
    "email": "gyateman2g@house.gov",
    "gender": "Polygender",
    "ip_address": "245.234.114.138",
    "organization": "Flipstorm",
    "ip_class": "Class E"
  },
  {
    "id": 3106,
    "first_name": "Dorena",
    "last_name": "Brisco",
    "email": "dbrisco2x@auda.org.au",
    "gender": "Female",
    "ip_address": "241.191.207.58",
    "organization": "Voolith",
    "ip_class": "Class E"
  },
  {
    "id": 3121,
    "first_name": "Teodor",
    "last_name": "Pennycuick",
    "email": "tpennycuick3c@columbia.edu",
    "gender": "Agender",
    "ip_address": "249.170.42.104",
    "organization": "Brightdog",
    "ip_class": "Class E"
  },
  {
    "id": 3139,
    "first_name": "Hillie",
    "last_name": "Flight",
    "email": "hflight3u@qq.com",
    "gender": "Male",
    "ip_address": "242.79.132.170",
    "organization": "Eabox",
    "ip_class": "Class E"
  },
  {
    "id": 3147,
    "first_name": "Huntlee",
    "last_name": "Fawdry",
    "email": "hfawdry42@ebay.com",
    "gender": "Male",
    "ip_address": "253.133.156.132",
    "organization": "Plambee",
    "ip_class": "Class E"
  },
  {
    "id": 3154,
    "first_name": "Margarette",
    "last_name": "Lummus",
    "email": "mlummus49@list-manage.com",
    "gender": "Polygender",
    "ip_address": "241.94.172.18",
    "organization": "Zooveo",
    "ip_class": "Class E"
  },
  {
    "id": 3161,
    "first_name": "Glynda",
    "last_name": "Airs",
    "email": "gairs4g@simplemachines.org",
    "gender": "Female",
    "ip_address": "245.232.182.94",
    "organization": "Jaxworks",
    "ip_class": "Class E"
  },
  {
    "id": 3167,
    "first_name": "Pru",
    "last_name": "Brack",
    "email": "pbrack4m@walmart.com",
    "gender": "Female",
    "ip_address": "254.14.168.187",
    "organization": "Ainyx",
    "ip_class": "Class E"
  },
  {
    "id": 3168,
    "first_name": "Gilbertine",
    "last_name": "Goddard",
    "email": "ggoddard4n@hexun.com",
    "gender": "Female",
    "ip_address": "251.106.33.232",
    "organization": "Mycat",
    "ip_class": "Class E"
  },
  {
    "id": 3181,
    "first_name": "Urbano",
    "last_name": "Blofeld",
    "email": "ublofeld50@rakuten.co.jp",
    "gender": "Male",
    "ip_address": "240.92.75.107",
    "organization": "Kazu",
    "ip_class": "Class E"
  },
  {
    "id": 3203,
    "first_name": "Leela",
    "last_name": "Culshaw",
    "email": "lculshaw5m@hhs.gov",
    "gender": "Female",
    "ip_address": "253.64.21.203",
    "organization": "Oodoo",
    "ip_class": "Class E"
  },
  {
    "id": 3314,
    "first_name": "Melantha",
    "last_name": "Molineux",
    "email": "mmolineux8p@qq.com",
    "gender": "Female",
    "ip_address": "245.234.160.17",
    "organization": "Livefish",
    "ip_class": "Class E"
  },
  {
    "id": 3323,
    "first_name": "Sol",
    "last_name": "Oswick",
    "email": "soswick8y@wp.com",
    "gender": "Male",
    "ip_address": "247.184.17.32",
    "organization": "Yakijo",
    "ip_class": "Class E"
  },
  {
    "id": 3329,
    "first_name": "Conway",
    "last_name": "Lumbley",
    "email": "clumbley94@army.mil",
    "gender": "Male",
    "ip_address": "246.41.176.191",
    "organization": "Rhyloo",
    "ip_class": "Class E"
  },
  {
    "id": 3341,
    "first_name": "Clio",
    "last_name": "Sargeaunt",
    "email": "csargeaunt9g@mysql.com",
    "gender": "Female",
    "ip_address": "243.104.58.54",
    "organization": "Pixope",
    "ip_class": "Class E"
  },
  {
    "id": 3352,
    "first_name": "Dianemarie",
    "last_name": "Meneyer",
    "email": "dmeneyer9r@opensource.org",
    "gender": "Female",
    "ip_address": "243.128.103.115",
    "organization": "Ainyx",
    "ip_class": "Class E"
  },
  {
    "id": 3363,
    "first_name": "Caryl",
    "last_name": "Camolli",
    "email": "ccamollia2@google.com",
    "gender": "Female",
    "ip_address": "250.103.241.211",
    "organization": "Voonte",
    "ip_class": "Class E"
  },
  {
    "id": 3408,
    "first_name": "Maurine",
    "last_name": "Westcarr",
    "email": "mwestcarrbb@marriott.com",
    "gender": "Female",
    "ip_address": "254.136.74.21",
    "organization": "Yata",
    "ip_class": "Class E"
  },
  {
    "id": 3415,
    "first_name": "Alice",
    "last_name": "Nicolson",
    "email": "anicolsonbi@t-online.de",
    "gender": "Female",
    "ip_address": "242.60.34.209",
    "organization": "Centimia",
    "ip_class": "Class E"
  },
  {
    "id": 3463,
    "first_name": "Bev",
    "last_name": "Loines",
    "email": "bloinescu@bizjournals.com",
    "gender": "Female",
    "ip_address": "244.120.96.168",
    "organization": "Aibox",
    "ip_class": "Class E"
  },
  {
    "id": 3467,
    "first_name": "Morganne",
    "last_name": "Brech",
    "email": "mbrechcy@umich.edu",
    "gender": "Female",
    "ip_address": "249.98.94.184",
    "organization": "Teklist",
    "ip_class": "Class E"
  },
  {
    "id": 3477,
    "first_name": "Adolphus",
    "last_name": "Grimsell",
    "email": "agrimselld8@jugem.jp",
    "gender": "Male",
    "ip_address": "247.235.59.62",
    "organization": "Mymm",
    "ip_class": "Class E"
  },
  {
    "id": 3562,
    "first_name": "Paule",
    "last_name": "Hehnke",
    "email": "phehnkefl@ihg.com",
    "gender": "Female",
    "ip_address": "241.123.146.111",
    "organization": "Aimbu",
    "ip_class": "Class E"
  },
  {
    "id": 3564,
    "first_name": "Moses",
    "last_name": "Unthank",
    "email": "munthankfn@buzzfeed.com",
    "gender": "Male",
    "ip_address": "255.53.50.127",
    "organization": "Oozz",
    "ip_class": "Class E"
  },
  {
    "id": 3567,
    "first_name": "Jobina",
    "last_name": "Catlette",
    "email": "jcatlettefq@blogs.com",
    "gender": "Polygender",
    "ip_address": "249.118.153.120",
    "organization": "Yozio",
    "ip_class": "Class E"
  },
  {
    "id": 3569,
    "first_name": "Steffi",
    "last_name": "Jaycock",
    "email": "sjaycockfs@ftc.gov",
    "gender": "Female",
    "ip_address": "241.24.135.19",
    "organization": "Gabtype",
    "ip_class": "Class E"
  },
  {
    "id": 3597,
    "first_name": "Josselyn",
    "last_name": "Woolard",
    "email": "jwoolardgk@spotify.com",
    "gender": "Female",
    "ip_address": "250.13.98.177",
    "organization": "Tagcat",
    "ip_class": "Class E"
  },
  {
    "id": 3598,
    "first_name": "Sterne",
    "last_name": "Elles",
    "email": "sellesgl@google.it",
    "gender": "Male",
    "ip_address": "247.119.167.75",
    "organization": "Feedmix",
    "ip_class": "Class E"
  },
  {
    "id": 3599,
    "first_name": "Jodie",
    "last_name": "Caze",
    "email": "jcazegm@nationalgeographic.com",
    "gender": "Male",
    "ip_address": "253.122.120.4",
    "organization": "Zoonder",
    "ip_class": "Class E"
  },
  {
    "id": 3606,
    "first_name": "Orelie",
    "last_name": "Piccop",
    "email": "opiccopgt@google.es",
    "gender": "Female",
    "ip_address": "241.178.251.133",
    "organization": "Gigashots",
    "ip_class": "Class E"
  },
  {
    "id": 3609,
    "first_name": "Dyana",
    "last_name": "Benesevich",
    "email": "dbenesevichgw@mysql.com",
    "gender": "Female",
    "ip_address": "241.99.88.84",
    "organization": "Dynava",
    "ip_class": "Class E"
  },
  {
    "id": 3631,
    "first_name": "Truman",
    "last_name": "Whye",
    "email": "twhyehi@sun.com",
    "gender": "Male",
    "ip_address": "242.190.149.77",
    "organization": "Linkbridge",
    "ip_class": "Class E"
  },
  {
    "id": 3641,
    "first_name": "Pammy",
    "last_name": "Dogerty",
    "email": "pdogertyhs@xing.com",
    "gender": "Female",
    "ip_address": "252.181.123.65",
    "organization": "Babbleset",
    "ip_class": "Class E"
  },
  {
    "id": 3680,
    "first_name": "Hanan",
    "last_name": "Yelyashev",
    "email": "hyelyasheviv@woothemes.com",
    "gender": "Male",
    "ip_address": "247.236.252.142",
    "organization": "Browsecat",
    "ip_class": "Class E"
  },
  {
    "id": 3702,
    "first_name": "Dorita",
    "last_name": "Hessle",
    "email": "dhesslejh@cbslocal.com",
    "gender": "Female",
    "ip_address": "248.152.166.150",
    "organization": "Meevee",
    "ip_class": "Class E"
  },
  {
    "id": 3732,
    "first_name": "Major",
    "last_name": "Arnolds",
    "email": "marnoldskb@wiley.com",
    "gender": "Agender",
    "ip_address": "240.238.227.122",
    "organization": "Twitterbeat",
    "ip_class": "Class E"
  },
  {
    "id": 3751,
    "first_name": "Lurlene",
    "last_name": "Shorton",
    "email": "lshortonku@dmoz.org",
    "gender": "Genderfluid",
    "ip_address": "251.134.251.184",
    "organization": "Skidoo",
    "ip_class": "Class E"
  },
  {
    "id": 3752,
    "first_name": "Enrichetta",
    "last_name": "Quan",
    "email": "equankv@privacy.gov.au",
    "gender": "Female",
    "ip_address": "250.54.98.202",
    "organization": "Twinder",
    "ip_class": "Class E"
  },
  {
    "id": 3763,
    "first_name": "Frazer",
    "last_name": "Eunson",
    "email": "feunsonl6@google.com.br",
    "gender": "Male",
    "ip_address": "242.245.74.188",
    "organization": "Skidoo",
    "ip_class": "Class E"
  },
  {
    "id": 3765,
    "first_name": "Estelle",
    "last_name": "Ney",
    "email": "eneyl8@geocities.jp",
    "gender": "Female",
    "ip_address": "245.242.93.219",
    "organization": "Skibox",
    "ip_class": "Class E"
  },
  {
    "id": 3791,
    "first_name": "Brooks",
    "last_name": "oldey",
    "email": "boldeyly@reddit.com",
    "gender": "Female",
    "ip_address": "240.39.64.69",
    "organization": "Nlounge",
    "ip_class": "Class E"
  },
  {
    "id": 3829,
    "first_name": "Leisha",
    "last_name": "Gullivan",
    "email": "lgullivann0@dropbox.com",
    "gender": "Female",
    "ip_address": "243.229.130.134",
    "organization": "Zooveo",
    "ip_class": "Class E"
  },
  {
    "id": 3833,
    "first_name": "Bret",
    "last_name": "Lavallin",
    "email": "blavallinn4@mapquest.com",
    "gender": "Male",
    "ip_address": "253.66.61.141",
    "organization": "Einti",
    "ip_class": "Class E"
  },
  {
    "id": 3840,
    "first_name": "Tracy",
    "last_name": "O'Hallagan",
    "email": "tohallagannb@ucsd.edu",
    "gender": "Female",
    "ip_address": "245.33.106.2",
    "organization": "Jetpulse",
    "ip_class": "Class E"
  },
  {
    "id": 3857,
    "first_name": "Cyril",
    "last_name": "Meech",
    "email": "cmeechns@intel.com",
    "gender": "Male",
    "ip_address": "252.21.90.91",
    "organization": "Livetube",
    "ip_class": "Class E"
  },
  {
    "id": 3862,
    "first_name": "Mabel",
    "last_name": "Dounbare",
    "email": "mdounbarenx@hatena.ne.jp",
    "gender": "Female",
    "ip_address": "240.187.172.7",
    "organization": "Meejo",
    "ip_class": "Class E"
  },
  {
    "id": 3893,
    "first_name": "Mari",
    "last_name": "Greedy",
    "email": "mgreedyos@merriam-webster.com",
    "gender": "Female",
    "ip_address": "253.33.196.177",
    "organization": "Zoomcast",
    "ip_class": "Class E"
  },
  {
    "id": 3917,
    "first_name": "Zelig",
    "last_name": "De Andreis",
    "email": "zdeandreispg@vinaora.com",
    "gender": "Male",
    "ip_address": "240.66.206.244",
    "organization": "Topicshots",
    "ip_class": "Class E"
  },
  {
    "id": 3927,
    "first_name": "Orton",
    "last_name": "Dennehy",
    "email": "odennehypq@fotki.com",
    "gender": "Male",
    "ip_address": "248.5.1.115",
    "organization": "Livepath",
    "ip_class": "Class E"
  },
  {
    "id": 3949,
    "first_name": "Clayton",
    "last_name": "Claussen",
    "email": "cclaussenqc@virginia.edu",
    "gender": "Male",
    "ip_address": "249.244.13.173",
    "organization": "Voonte",
    "ip_class": "Class E"
  },
  {
    "id": 3961,
    "first_name": "Marietta",
    "last_name": "Cyseley",
    "email": "mcyseleyqo@taobao.com",
    "gender": "Male",
    "ip_address": "250.21.127.2",
    "organization": "Topiczoom",
    "ip_class": "Class E"
  },
  {
    "id": 3971,
    "first_name": "Allard",
    "last_name": "Pires",
    "email": "apiresqy@etsy.com",
    "gender": "Male",
    "ip_address": "254.159.72.111",
    "organization": "Youtags",
    "ip_class": "Class E"
  },
  {
    "id": 3973,
    "first_name": "Whitman",
    "last_name": "Thiem",
    "email": "wthiemr0@foxnews.com",
    "gender": "Male",
    "ip_address": "242.15.216.175",
    "organization": "Skilith",
    "ip_class": "Class E"
  },
  {
    "id": 4000,
    "first_name": "Dita",
    "last_name": "Lown",
    "email": "dlownrr@cam.ac.uk",
    "gender": "Female",
    "ip_address": "241.69.98.174",
    "organization": "Gabtype",
    "ip_class": "Class E"
  },
  {
    "id": 4005,
    "first_name": "Bertrando",
    "last_name": "Snooks",
    "email": "bsnooks4@opensource.org",
    "gender": "Male",
    "ip_address": "241.82.208.116",
    "organization": "Kazu",
    "ip_class": "Class E"
  },
  {
    "id": 4033,
    "first_name": "Barnabe",
    "last_name": "Jaffrey",
    "email": "bjaffreyw@cisco.com",
    "gender": "Male",
    "ip_address": "255.108.230.44",
    "organization": "Livetube",
    "ip_class": "Class E"
  },
  {
    "id": 4051,
    "first_name": "Guglielmo",
    "last_name": "Goodsall",
    "email": "ggoodsall1e@nature.com",
    "gender": "Male",
    "ip_address": "241.75.238.122",
    "organization": "Meedoo",
    "ip_class": "Class E"
  },
  {
    "id": 4057,
    "first_name": "Elroy",
    "last_name": "Eyckelbeck",
    "email": "eeyckelbeck1k@blogtalkradio.com",
    "gender": "Male",
    "ip_address": "255.227.104.107",
    "organization": "Thoughtbeat",
    "ip_class": "Class E"
  },
  {
    "id": 4093,
    "first_name": "Maximilien",
    "last_name": "Skamell",
    "email": "mskamell2k@nsw.gov.au",
    "gender": "Male",
    "ip_address": "247.167.41.150",
    "organization": "Eazzy",
    "ip_class": "Class E"
  },
  {
    "id": 4099,
    "first_name": "Andriana",
    "last_name": "Billingsley",
    "email": "abillingsley2q@fotki.com",
    "gender": "Female",
    "ip_address": "248.174.101.19",
    "organization": "Talane",
    "ip_class": "Class E"
  },
  {
    "id": 4106,
    "first_name": "Myriam",
    "last_name": "Pilcher",
    "email": "mpilcher2x@upenn.edu",
    "gender": "Female",
    "ip_address": "246.84.28.84",
    "organization": "Jabbersphere",
    "ip_class": "Class E"
  },
  {
    "id": 4109,
    "first_name": "Leslie",
    "last_name": "Muddimer",
    "email": "lmuddimer30@wunderground.com",
    "gender": "Female",
    "ip_address": "244.59.56.53",
    "organization": "Thoughtbridge",
    "ip_class": "Class E"
  },
  {
    "id": 4158,
    "first_name": "Burt",
    "last_name": "Hardistry",
    "email": "bhardistry4d@foxnews.com",
    "gender": "Male",
    "ip_address": "243.89.2.64",
    "organization": "Realblab",
    "ip_class": "Class E"
  },
  {
    "id": 4167,
    "first_name": "Winni",
    "last_name": "Daskiewicz",
    "email": "wdaskiewicz4m@goodreads.com",
    "gender": "Female",
    "ip_address": "254.177.241.193",
    "organization": "Pixope",
    "ip_class": "Class E"
  },
  {
    "id": 4173,
    "first_name": "Stefania",
    "last_name": "Peltzer",
    "email": "speltzer4s@europa.eu",
    "gender": "Female",
    "ip_address": "244.84.199.175",
    "organization": "Riffpedia",
    "ip_class": "Class E"
  },
  {
    "id": 4194,
    "first_name": "Rufe",
    "last_name": "Tupper",
    "email": "rtupper5d@toplist.cz",
    "gender": "Male",
    "ip_address": "250.32.226.64",
    "organization": "Gigazoom",
    "ip_class": "Class E"
  },
  {
    "id": 4201,
    "first_name": "Denys",
    "last_name": "Duffer",
    "email": "dduffer5k@behance.net",
    "gender": "Female",
    "ip_address": "254.200.128.119",
    "organization": "Zoonoodle",
    "ip_class": "Class E"
  },
  {
    "id": 4202,
    "first_name": "Fremont",
    "last_name": "Giorgio",
    "email": "fgiorgio5l@sun.com",
    "gender": "Male",
    "ip_address": "254.175.130.112",
    "organization": "Topicshots",
    "ip_class": "Class E"
  },
  {
    "id": 4213,
    "first_name": "Agace",
    "last_name": "Worg",
    "email": "aworg5w@phoca.cz",
    "gender": "Female",
    "ip_address": "241.111.224.109",
    "organization": "Flashset",
    "ip_class": "Class E"
  },
  {
    "id": 4216,
    "first_name": "Cass",
    "last_name": "Spurret",
    "email": "cspurret5z@merriam-webster.com",
    "gender": "Male",
    "ip_address": "240.63.143.193",
    "organization": "Edgetag",
    "ip_class": "Class E"
  },
  {
    "id": 4222,
    "first_name": "Amabelle",
    "last_name": "Benitti",
    "email": "abenitti65@hatena.ne.jp",
    "gender": "Female",
    "ip_address": "247.200.86.105",
    "organization": "Dynazzy",
    "ip_class": "Class E"
  },
  {
    "id": 4242,
    "first_name": "Marcellus",
    "last_name": "Plessing",
    "email": "mplessing6p@i2i.jp",
    "gender": "Male",
    "ip_address": "253.86.234.231",
    "organization": "Kwilith",
    "ip_class": "Class E"
  },
  {
    "id": 4256,
    "first_name": "Ansell",
    "last_name": "Stirland",
    "email": "astirland73@time.com",
    "gender": "Male",
    "ip_address": "243.253.177.67",
    "organization": "Twiyo",
    "ip_class": "Class E"
  },
  {
    "id": 4268,
    "first_name": "Alaine",
    "last_name": "Salkeld",
    "email": "asalkeld7f@qq.com",
    "gender": "Female",
    "ip_address": "243.186.188.75",
    "organization": "Feedfire",
    "ip_class": "Class E"
  },
  {
    "id": 4276,
    "first_name": "Garvey",
    "last_name": "Karlolak",
    "email": "gkarlolak7n@scientificamerican.com",
    "gender": "Male",
    "ip_address": "250.121.190.162",
    "organization": "Browsebug",
    "ip_class": "Class E"
  },
  {
    "id": 4305,
    "first_name": "Harman",
    "last_name": "Bowdery",
    "email": "hbowdery8g@bandcamp.com",
    "gender": "Male",
    "ip_address": "252.43.172.250",
    "organization": "Vitz",
    "ip_class": "Class E"
  },
  {
    "id": 4307,
    "first_name": "Zabrina",
    "last_name": "Kivlin",
    "email": "zkivlin8i@china.com.cn",
    "gender": "Female",
    "ip_address": "240.127.198.185",
    "organization": "Linkbridge",
    "ip_class": "Class E"
  },
  {
    "id": 4335,
    "first_name": "Catherine",
    "last_name": "Gartrell",
    "email": "cgartrell9a@github.com",
    "gender": "Female",
    "ip_address": "243.145.58.228",
    "organization": "Realbuzz",
    "ip_class": "Class E"
  },
  {
    "id": 4367,
    "first_name": "Enriqueta",
    "last_name": "Trimmell",
    "email": "etrimmella6@loc.gov",
    "gender": "Genderfluid",
    "ip_address": "246.8.43.224",
    "organization": "Jatri",
    "ip_class": "Class E"
  },
  {
    "id": 4370,
    "first_name": "Keslie",
    "last_name": "Iacovaccio",
    "email": "kiacovaccioa9@psu.edu",
    "gender": "Female",
    "ip_address": "243.37.51.231",
    "organization": "Photolist",
    "ip_class": "Class E"
  },
  {
    "id": 4375,
    "first_name": "Noreen",
    "last_name": "Mogridge",
    "email": "nmogridgeae@biglobe.ne.jp",
    "gender": "Female",
    "ip_address": "248.23.51.23",
    "organization": "Roombo",
    "ip_class": "Class E"
  },
  {
    "id": 4379,
    "first_name": "Marielle",
    "last_name": "Reddecliffe",
    "email": "mreddecliffeai@ftc.gov",
    "gender": "Female",
    "ip_address": "246.143.78.194",
    "organization": "Jayo",
    "ip_class": "Class E"
  },
  {
    "id": 4386,
    "first_name": "Ronica",
    "last_name": "Scholl",
    "email": "rschollap@berkeley.edu",
    "gender": "Female",
    "ip_address": "253.189.49.249",
    "organization": "Edgetag",
    "ip_class": "Class E"
  },
  {
    "id": 4397,
    "first_name": "Humberto",
    "last_name": "Peschmann",
    "email": "hpeschmannb0@bloomberg.com",
    "gender": "Male",
    "ip_address": "255.199.198.231",
    "organization": "Zoomlounge",
    "ip_class": "Class E"
  },
  {
    "id": 4430,
    "first_name": "Andie",
    "last_name": "Becke",
    "email": "abeckebx@tinyurl.com",
    "gender": "Female",
    "ip_address": "252.46.13.91",
    "organization": "Rhynoodle",
    "ip_class": "Class E"
  },
  {
    "id": 4448,
    "first_name": "Dolli",
    "last_name": "Chatel",
    "email": "dchatelcf@unblog.fr",
    "gender": "Female",
    "ip_address": "255.114.168.252",
    "organization": "Demivee",
    "ip_class": "Class E"
  },
  {
    "id": 4458,
    "first_name": "Cornell",
    "last_name": "Wabersinke",
    "email": "cwabersinkecp@illinois.edu",
    "gender": "Male",
    "ip_address": "244.146.210.93",
    "organization": "Vinder",
    "ip_class": "Class E"
  },
  {
    "id": 4465,
    "first_name": "Sheree",
    "last_name": "Avrahamof",
    "email": "savrahamofcw@epa.gov",
    "gender": "Female",
    "ip_address": "245.170.41.164",
    "organization": "Dabjam",
    "ip_class": "Class E"
  },
  {
    "id": 4467,
    "first_name": "Onofredo",
    "last_name": "Jindrich",
    "email": "ojindrichcy@github.com",
    "gender": "Male",
    "ip_address": "245.255.213.124",
    "organization": "Eazzy",
    "ip_class": "Class E"
  },
  {
    "id": 4494,
    "first_name": "Nada",
    "last_name": "McPhelimy",
    "email": "nmcphelimydp@scribd.com",
    "gender": "Female",
    "ip_address": "252.118.23.94",
    "organization": "Gabtune",
    "ip_class": "Class E"
  },
  {
    "id": 4548,
    "first_name": "Emmy",
    "last_name": "Fantini",
    "email": "efantinif7@example.com",
    "gender": "Female",
    "ip_address": "247.196.186.20",
    "organization": "Skinder",
    "ip_class": "Class E"
  },
  {
    "id": 4576,
    "first_name": "Taddeusz",
    "last_name": "Sloey",
    "email": "tsloeyfz@t.co",
    "gender": "Male",
    "ip_address": "246.227.97.164",
    "organization": "Jetpulse",
    "ip_class": "Class E"
  },
  {
    "id": 4598,
    "first_name": "Padraig",
    "last_name": "Curzon",
    "email": "pcurzongl@vkontakte.ru",
    "gender": "Male",
    "ip_address": "250.185.140.236",
    "organization": "Topiczoom",
    "ip_class": "Class E"
  },
  {
    "id": 4638,
    "first_name": "Sidonia",
    "last_name": "Bonnyson",
    "email": "sbonnysonhp@hubpages.com",
    "gender": "Female",
    "ip_address": "245.122.212.218",
    "organization": "Izio",
    "ip_class": "Class E"
  },
  {
    "id": 4662,
    "first_name": "Kacie",
    "last_name": "Dregan",
    "email": "kdreganid@canalblog.com",
    "gender": "Female",
    "ip_address": "244.3.219.168",
    "organization": "Skipstorm",
    "ip_class": "Class E"
  },
  {
    "id": 4663,
    "first_name": "Sibylle",
    "last_name": "Biermatowicz",
    "email": "sbiermatowiczie@bandcamp.com",
    "gender": "Female",
    "ip_address": "250.230.142.123",
    "organization": "Jabberstorm",
    "ip_class": "Class E"
  },
  {
    "id": 4669,
    "first_name": "Winn",
    "last_name": "Tidder",
    "email": "wtidderik@scribd.com",
    "gender": "Male",
    "ip_address": "247.111.245.144",
    "organization": "Edgeblab",
    "ip_class": "Class E"
  },
  {
    "id": 4682,
    "first_name": "Clem",
    "last_name": "Boule",
    "email": "cbouleix@vk.com",
    "gender": "Female",
    "ip_address": "248.191.80.220",
    "organization": "Feedspan",
    "ip_class": "Class E"
  },
  {
    "id": 4688,
    "first_name": "Tandy",
    "last_name": "Prime",
    "email": "tprimej3@gizmodo.com",
    "gender": "Female",
    "ip_address": "252.58.209.82",
    "organization": "Digitube",
    "ip_class": "Class E"
  },
  {
    "id": 4701,
    "first_name": "Dylan",
    "last_name": "Warsop",
    "email": "dwarsopjg@infoseek.co.jp",
    "gender": "Male",
    "ip_address": "242.212.169.221",
    "organization": "Bubbletube",
    "ip_class": "Class E"
  },
  {
    "id": 4717,
    "first_name": "Angelique",
    "last_name": "Kuhne",
    "email": "akuhnejw@hatena.ne.jp",
    "gender": "Female",
    "ip_address": "246.58.59.77",
    "organization": "Brainsphere",
    "ip_class": "Class E"
  },
  {
    "id": 4753,
    "first_name": "Townie",
    "last_name": "Lochrie",
    "email": "tlochriekw@bizjournals.com",
    "gender": "Male",
    "ip_address": "250.86.120.79",
    "organization": "Mudo",
    "ip_class": "Class E"
  },
  {
    "id": 4771,
    "first_name": "Ruby",
    "last_name": "Sexcey",
    "email": "rsexceyle@noaa.gov",
    "gender": "Male",
    "ip_address": "241.118.147.92",
    "organization": "LiveZ",
    "ip_class": "Class E"
  },
  {
    "id": 4779,
    "first_name": "Erica",
    "last_name": "Demead",
    "email": "edemeadlm@is.gd",
    "gender": "Female",
    "ip_address": "252.76.31.29",
    "organization": "Linktype",
    "ip_class": "Class E"
  },
  {
    "id": 4786,
    "first_name": "Sebastiano",
    "last_name": "Badder",
    "email": "sbadderlt@japanpost.jp",
    "gender": "Male",
    "ip_address": "244.152.208.116",
    "organization": "Podcat",
    "ip_class": "Class E"
  },
  {
    "id": 4824,
    "first_name": "Yolanda",
    "last_name": "Corry",
    "email": "ycorrymv@smh.com.au",
    "gender": "Female",
    "ip_address": "240.94.34.188",
    "organization": "Flashset",
    "ip_class": "Class E"
  },
  {
    "id": 4887,
    "first_name": "Paulo",
    "last_name": "Atkinson",
    "email": "patkinsonom@ft.com",
    "gender": "Male",
    "ip_address": "250.188.126.154",
    "organization": "Trudoo",
    "ip_class": "Class E"
  },
  {
    "id": 4895,
    "first_name": "Charleen",
    "last_name": "Oldroyde",
    "email": "coldroydeou@booking.com",
    "gender": "Non-binary",
    "ip_address": "245.176.206.11",
    "organization": "Youtags",
    "ip_class": "Class E"
  },
  {
    "id": 4901,
    "first_name": "Cornelle",
    "last_name": "Camacke",
    "email": "ccamackep0@quantcast.com",
    "gender": "Female",
    "ip_address": "245.50.144.92",
    "organization": "Kanoodle",
    "ip_class": "Class E"
  },
  {
    "id": 4914,
    "first_name": "Jenn",
    "last_name": "Cullrford",
    "email": "jcullrfordpd@reuters.com",
    "gender": "Female",
    "ip_address": "243.209.8.15",
    "organization": "DabZ",
    "ip_class": "Class E"
  },
  {
    "id": 4916,
    "first_name": "Jacquenette",
    "last_name": "Stables",
    "email": "jstablespf@wsj.com",
    "gender": "Female",
    "ip_address": "247.76.205.218",
    "organization": "Jayo",
    "ip_class": "Class E"
  },
  {
    "id": 4919,
    "first_name": "Mord",
    "last_name": "Hairyes",
    "email": "mhairyespi@jiathis.com",
    "gender": "Male",
    "ip_address": "240.75.98.47",
    "organization": "Jazzy",
    "ip_class": "Class E"
  },
  {
    "id": 4922,
    "first_name": "Buddy",
    "last_name": "Todd",
    "email": "btoddpl@liveinternet.ru",
    "gender": "Male",
    "ip_address": "243.82.54.63",
    "organization": "Jayo",
    "ip_class": "Class E"
  },
  {
    "id": 4940,
    "first_name": "Dorelle",
    "last_name": "Ratcliff",
    "email": "dratcliffq3@reuters.com",
    "gender": "Female",
    "ip_address": "250.78.96.40",
    "organization": "Wikivu",
    "ip_class": "Class E"
  },
  {
    "id": 4949,
    "first_name": "Hubie",
    "last_name": "Lampel",
    "email": "hlampelqc@cmu.edu",
    "gender": "Male",
    "ip_address": "246.141.1.94",
    "organization": "Browsetype",
    "ip_class": "Class E"
  },
  {
    "id": 4951,
    "first_name": "Nealson",
    "last_name": "Rome",
    "email": "nromeqe@opensource.org",
    "gender": "Male",
    "ip_address": "245.149.89.143",
    "organization": "Babblestorm",
    "ip_class": "Class E"
  },
  {
    "id": 4979,
    "first_name": "Letta",
    "last_name": "Chivrall",
    "email": "lchivrallr6@soup.io",
    "gender": "Female",
    "ip_address": "243.237.14.31",
    "organization": "Eabox",
    "ip_class": "Class E"
  },
  {
    "id": 4988,
    "first_name": "Yance",
    "last_name": "Hellyer",
    "email": "yhellyerrf@apache.org",
    "gender": "Male",
    "ip_address": "242.6.54.44",
    "organization": "Wikivu",
    "ip_class": "Class E"
  },
  {
    "id": 4994,
    "first_name": "Cairistiona",
    "last_name": "Spriggs",
    "email": "cspriggsrl@twitter.com",
    "gender": "Female",
    "ip_address": "255.12.49.235",
    "organization": "Quimba",
    "ip_class": "Class E"
  },
  {
    "id": 4996,
    "first_name": "Parker",
    "last_name": "Geydon",
    "email": "pgeydonrn@deviantart.com",
    "gender": "Male",
    "ip_address": "243.155.126.86",
    "organization": "Eare",
    "ip_class": "Class E"
  },
  {
    "id": 4999,
    "first_name": "Karil",
    "last_name": "Dooher",
    "email": "kdooherrq@people.com.cn",
    "gender": "Female",
    "ip_address": "247.141.166.64",
    "organization": "Browsedrive",
    "ip_class": "Class E"
  }
]